2025-08-18 12:20:01, UNIFORM   , UCB       , 200, 0, 200, True , 2, 4, 1-0
2025-08-18 12:22:57, UNIFORM   , UCB       , 200, 1, 200, True , 2, 4, 1-0
2025-08-18 12:25:40, UNIFORM   , UCB       , 200, 2, 200, True , 2, 4, 1-0
2025-08-18 12:28:33, UNIFORM   , UCB       , 200, 3, 200, True , 2, 4, 1-0
2025-08-18 12:31:14, UNIFORM   , UCB       , 200, 4, 200, True , 2, 4, 1-0
2025-08-18 12:33:52, UNIFORM   , UCB       , 200, 5, 200, True , 2, 4, 1-0
2025-08-18 12:36:30, UNIFORM   , UCB       , 200, 6, 200, True , 2, 4, 1-0
2025-08-18 12:39:16, UNIFORM   , UCB       , 200, 7, 200, True , 2, 4, 0-1
2025-08-18 12:42:12, UNIFORM   , UCB       , 200, 8, 200, True , 2, 4, 1-0
2025-08-18 12:44:56, UNIFORM   , UCB       , 200, 9, 200, True , 2, 4, 0-1
2025-08-18 12:48:09, UNIFORM   , UCT       , 200, 0, 200, True , 2, 4, 0-1
2025-08-18 12:50:49, UNIFORM   , UCT       , 200, 1, 200, True , 2, 4, 0-1
2025-08-18 12:52:27, UNIFORM   , UCT       , 200, 2, 200, True , 2, 4, 0-1
2025-08-18 12:54:52, UNIFORM   , UCT       , 200, 3, 200, True , 2, 4, 0-1
2025-08-18 12:58:44, UNIFORM   , UCT       , 200, 4, 200, True , 2, 4, 0-1
2025-08-18 13:02:48, UNIFORM   , UCT       , 200, 5, 200, True , 2, 4, 0-1
2025-08-18 13:06:40, UNIFORM   , UCT       , 200, 6, 200, True , 2, 4, 1/2-1/2
2025-08-18 13:10:22, UNIFORM   , UCT       , 200, 7, 200, True , 2, 4, 1-0
2025-08-18 15:09:16, UNIFORM   , UCB       , 150, 0, 200, True , 2, 4, 1-0
2025-08-18 15:11:17, UNIFORM   , UCB       , 150, 1, 200, True , 2, 4, 0-1
2025-08-18 15:13:34, UNIFORM   , UCB       , 150, 2, 200, True , 2, 4, 1-0
2025-08-18 15:15:37, UNIFORM   , UCB       , 150, 3, 200, True , 2, 4, 1-0
2025-08-18 15:18:08, UNIFORM   , UCB       , 150, 4, 200, True , 2, 4, 1-0
2025-08-18 15:20:40, UNIFORM   , UCB       , 150, 5, 200, True , 2, 4, 1-0
2025-08-18 15:22:53, UNIFORM   , UCT       , 150, 0, 200, True , 2, 4, 0-1
2025-08-18 15:25:45, UNIFORM   , UCT       , 150, 1, 200, True , 2, 4, 0-1
2025-08-18 15:28:51, UNIFORM   , UCT       , 150, 2, 200, True , 2, 4, 0-1
2025-08-18 15:31:50, UNIFORM   , UCT       , 150, 3, 200, True , 2, 4, 1/2-1/2
2025-08-18 15:35:18, UNIFORM   , UCT       , 150, 4, 200, True , 2, 4, 1-0
2025-08-18 15:38:46, UNIFORM   , UCT       , 150, 5, 200, True , 2, 4, 1-0
2025-08-18 15:40:03, UNIFORM   , PUTC      , 150, 0, 200, True , 2, 4, 0-1
2025-08-18 15:40:38, UNIFORM   , PUTC      , 150, 1, 200, True , 2, 4, 0-1
2025-08-18 15:40:50, UNIFORM   , PUTC      , 150, 2, 200, True , 2, 4, 0-1
2025-08-18 15:41:03, UNIFORM   , PUTC      , 150, 3, 200, True , 2, 4, 0-1
2025-08-18 15:41:30, UNIFORM   , PUTC      , 150, 4, 200, True , 2, 4, 0-1
2025-08-18 15:43:17, UNIFORM   , PUTC      , 150, 5, 200, True , 2, 4, 0-1
2025-08-18 15:45:11, UCB       , UNIFORM   , 150, 0, 200, True , 2, 4, 1-0
2025-08-18 15:49:02, UCB       , UNIFORM   , 150, 1, 200, True , 2, 4, 0-1
2025-08-18 15:51:39, UCB       , UNIFORM   , 150, 2, 200, True , 2, 4, 1-0
2025-08-18 15:52:27, UCB       , UNIFORM   , 150, 3, 200, True , 2, 4, 1-0
2025-08-18 15:55:46, UCB       , UNIFORM   , 150, 4, 200, True , 2, 4, 0-1
2025-08-18 15:57:43, UCB       , UNIFORM   , 150, 5, 200, True , 2, 4, 1-0
2025-08-18 15:58:01, UCB       , UCT       , 150, 0, 200, True , 2, 4, 0-1
2025-08-18 16:05:24, UCB       , UCT       , 150, 1, 200, True , 2, 4, 0-1
2025-08-18 16:10:13, UCB       , UCT       , 150, 2, 200, True , 2, 4, 1-0
2025-08-18 16:14:10, UCB       , UCT       , 150, 3, 200, True , 2, 4, 1-0
2025-08-18 16:21:51, UCB       , UCT       , 150, 4, 200, True , 2, 4, 1-0
2025-08-18 16:22:50, UCB       , UCT       , 150, 5, 200, True , 2, 4, 1-0
2025-08-18 16:24:18, UCB       , PUTC      , 150, 0, 200, True , 2, 4, 0-1
2025-08-18 16:26:00, UCB       , PUTC      , 150, 1, 200, True , 2, 4, 0-1
2025-08-18 16:27:20, UCB       , PUTC      , 150, 2, 200, True , 2, 4, 0-1
2025-08-18 16:29:46, UCB       , PUTC      , 150, 3, 200, True , 2, 4, 0-1
2025-08-18 16:31:37, UCB       , PUTC      , 150, 4, 200, True , 2, 4, 0-1
2025-08-18 16:32:34, UCB       , PUTC      , 150, 5, 200, True , 2, 4, 0-1
2025-08-18 16:34:54, UCT       , UNIFORM   , 150, 0, 200, True , 2, 4, 1-0
2025-08-18 16:36:41, UCT       , UNIFORM   , 150, 1, 200, True , 2, 4, 1-0
2025-08-18 16:38:14, UCT       , UNIFORM   , 150, 2, 200, True , 2, 4, 1-0
2025-08-18 16:41:27, UCT       , UNIFORM   , 150, 3, 200, True , 2, 4, 0-1
2025-08-18 16:44:16, UCT       , UNIFORM   , 150, 4, 200, True , 2, 4, 0-1
2025-08-18 16:45:02, UCT       , UNIFORM   , 150, 5, 200, True , 2, 4, 1-0
2025-08-18 16:50:13, UCT       , UCB       , 150, 0, 200, True , 2, 4, 1-0
2025-08-18 16:55:29, UCT       , UCB       , 150, 1, 200, True , 2, 4, 1/2-1/2
2025-08-18 17:00:52, UCT       , UCB       , 150, 2, 200, True , 2, 4, 1-0
2025-08-18 17:05:38, UCT       , UCB       , 150, 3, 200, True , 2, 4, 1/2-1/2
2025-08-18 17:11:10, UCT       , UCB       , 150, 4, 200, True , 2, 4, 1-0
2025-08-18 17:16:23, UCT       , UCB       , 150, 5, 200, True , 2, 4, 1-0
2025-08-18 17:17:04, UCT       , PUTC      , 150, 0, 200, True , 2, 4, 0-1
2025-08-18 17:20:18, UCT       , PUTC      , 150, 1, 200, True , 2, 4, 0-1
2025-08-18 17:23:35, UCT       , PUTC      , 150, 2, 200, True , 2, 4, 0-1
2025-08-18 17:25:29, UCT       , PUTC      , 150, 3, 200, True , 2, 4, 0-1
2025-08-18 17:28:12, UCT       , PUTC      , 150, 4, 200, True , 2, 4, 0-1
2025-08-18 17:31:14, UCT       , PUTC      , 150, 5, 200, True , 2, 4, 0-1
2025-08-18 17:31:53, PUTC      , UNIFORM   , 150, 0, 200, True , 2, 4, 1-0
2025-08-18 17:32:08, PUTC      , UNIFORM   , 150, 1, 200, True , 2, 4, 1-0
2025-08-18 17:33:29, PUTC      , UNIFORM   , 150, 2, 200, True , 2, 4, 1-0
2025-08-18 17:36:12, PUTC      , UNIFORM   , 150, 3, 200, True , 2, 4, 1-0
2025-08-18 17:39:02, PUTC      , UNIFORM   , 150, 4, 200, True , 2, 4, 1-0
2025-08-18 17:42:20, PUTC      , UNIFORM   , 150, 5, 200, True , 2, 4, 1-0
2025-08-18 17:43:46, PUTC      , UCB       , 150, 0, 200, True , 2, 4, 1-0
2025-08-18 17:47:38, PUTC      , UCB       , 150, 1, 200, True , 2, 4, 1-0
2025-08-18 17:51:02, PUTC      , UCB       , 150, 2, 200, True , 2, 4, 1-0
2025-08-18 17:52:40, PUTC      , UCB       , 150, 3, 200, True , 2, 4, 1/2-1/2
2025-08-18 17:55:39, PUTC      , UCB       , 150, 4, 200, True , 2, 4, 1-0
2025-08-18 17:57:51, PUTC      , UCB       , 150, 5, 200, True , 2, 4, 1-0
2025-08-18 17:58:14, PUTC      , UCT       , 150, 0, 200, True , 2, 4, 1-0
2025-08-18 17:59:48, PUTC      , UCT       , 150, 1, 200, True , 2, 4, 1-0
2025-08-18 18:03:53, PUTC      , UCT       , 150, 2, 200, True , 2, 4, 1-0
2025-08-18 18:09:26, PUTC      , UCT       , 150, 3, 200, True , 2, 4, 1-0
2025-08-18 18:14:54, PUTC      , UCT       , 150, 4, 200, True , 2, 4, 1-0
2025-08-18 18:22:53, PUTC      , UCT       , 150, 5, 200, True , 2, 4, 1-0
2025-08-18 18:50:16, UNIFORM   , UCB       ,  20, 0,  60, False, 1, 2, 0.8    , 0.8, 1/2-1/2
2025-08-18 18:50:34, UNIFORM   , UCT       ,  20, 0,  60, False, 1, 2, 0.8    , 0.8, 1/2-1/2
2025-08-18 18:50:53, UNIFORM   , PUTC      ,  20, 0,  60, False, 1, 2, 0.8    , 0.8, 1/2-1/2
2025-08-18 18:51:08, UCB       , UNIFORM   ,  20, 0,  60, False, 1, 2, 0.8    , 0.8, 1/2-1/2
2025-08-18 18:51:45, UCB       , UCT       ,  20, 0,  60, False, 1, 2, 0.8    , 0.8, 1/2-1/2
2025-08-18 18:52:22, UCB       , PUTC      ,  20, 0,  60, False, 1, 2, 0.8    , 0.8, 1/2-1/2
2025-08-18 18:52:42, UCT       , UNIFORM   ,  20, 0,  60, False, 1, 2, 0.8    , 0.8, 1/2-1/2
2025-08-18 18:53:16, UCT       , UCB       ,  20, 0,  60, False, 1, 2, 0.8    , 0.8, 1/2-1/2
2025-08-18 18:53:45, UCT       , PUTC      ,  20, 0,  60, False, 1, 2, 0.8    , 0.8, 0-1
2025-08-18 18:54:07, PUTC      , UNIFORM   ,  20, 0,  60, False, 1, 2, 0.8    , 0.8, 1/2-1/2
2025-08-18 18:54:27, PUTC      , UCB       ,  20, 0,  60, False, 1, 2, 0.8    , 0.8, 1-0
2025-08-18 18:55:00, PUTC      , UCT       ,  20, 0,  60, False, 1, 2, 0.8    , 0.8, 1/2-1/2
2025-08-18 19:00:27, UNIFORM   , UCB       ,  40, 0, 150, True , 2, 1, 0.6    , 0.8, 1-0
2025-08-18 19:01:27, UNIFORM   , UCB       ,  40, 1, 150, True , 2, 1, 0.6    , 0.8, 0-1
2025-08-18 19:02:06, UCB       , UNIFORM   ,  40, 0, 150, True , 2, 1, 0.6    , 0.8, 1-0
2025-08-18 19:03:24, UCB       , UNIFORM   ,  40, 1, 150, True , 2, 1, 0.6    , 0.8, 1-0
2025-08-19 09:01:04, UNIFORM   , UCB       ,  40, 0, 150, True , 2, 1, 1.0    , 0.8, 1/2-1/2
2025-08-19 09:02:04, UNIFORM   , UCB       ,  40, 1, 150, True , 2, 1, 1.0    , 0.8, 0-1
2025-08-19 09:02:50, UCB       , UNIFORM   ,  40, 0, 150, True , 2, 1, 1.0    , 0.8, 1-0
2025-08-19 09:03:53, UCB       , UNIFORM   ,  40, 1, 150, True , 2, 1, 1.0    , 0.8, 1/2-1/2
2025-08-19 09:06:29, UNIFORM   , PUTC      ,  80, 0, 200, True , 2, 2, 0.8    , 0.6, 0-1
2025-08-19 09:07:39, UNIFORM   , PUTC      ,  80, 1, 200, True , 2, 2, 0.8    , 0.6, 0-1
2025-08-19 09:08:13, PUTC      , UNIFORM   ,  80, 0, 200, True , 2, 2, 0.8    , 0.6, 1-0
2025-08-19 09:10:15, PUTC      , UNIFORM   ,  80, 1, 200, True , 2, 2, 0.8    , 0.6, 1-0
2025-08-19 09:19:49, UNIFORM   , PUTC      ,  80, 0, 200, True , 2, 2, 0.8    , 1.0, 0-1
2025-08-19 09:20:25, UNIFORM   , PUTC      ,  80, 1, 200, True , 2, 2, 0.8    , 1.0, 0-1
2025-08-19 09:21:45, PUTC      , UNIFORM   ,  80, 0, 200, True , 2, 2, 0.8    , 1.0, 1-0
2025-08-19 09:22:14, PUTC      , UNIFORM   ,  80, 1, 200, True , 2, 2, 0.8    , 1.0, 1-0
2025-08-19 09:31:10, UNIFORM   , UCB       ,  60, 0, 600, False, 1, 2, 0.8    , 0.8, 0-1
2025-08-19 09:33:56, UNIFORM   , UCB       ,  60, 1, 600, False, 1, 2, 0.8    , 0.8, 0-1
2025-08-19 09:35:16, UNIFORM   , UCT       ,  60, 0, 600, False, 1, 2, 0.8    , 0.8, 0-1
2025-08-19 09:38:50, UNIFORM   , UCT       ,  60, 1, 600, False, 1, 2, 0.8    , 0.8, 1/2-1/2
2025-08-19 09:38:54, UNIFORM   , PUTC      ,  60, 0, 600, False, 1, 2, 0.8    , 0.8, 0-1
2025-08-19 09:39:52, UNIFORM   , PUTC      ,  60, 1, 600, False, 1, 2, 0.8    , 0.8, 0-1
2025-08-19 09:42:17, UCB       , UNIFORM   ,  60, 0, 600, False, 1, 2, 0.8    , 0.8, 1-0
2025-08-19 09:43:28, UCB       , UNIFORM   ,  60, 1, 600, False, 1, 2, 0.8    , 0.8, 1-0
2025-08-19 09:44:56, UCB       , UCT       ,  60, 0, 600, False, 1, 2, 0.8    , 0.8, 1-0
2025-08-19 09:51:30, UCB       , UCT       ,  60, 1, 600, False, 1, 2, 0.8    , 0.8, 1-0
2025-08-19 09:55:32, UCB       , PUTC      ,  60, 0, 600, False, 1, 2, 0.8    , 0.8, 1/2-1/2
2025-08-19 09:57:50, UCB       , PUTC      ,  60, 1, 600, False, 1, 2, 0.8    , 0.8, 0-1
2025-08-19 10:00:27, UCT       , UNIFORM   ,  60, 0, 600, False, 1, 2, 0.8    , 0.8, 1/2-1/2
2025-08-19 10:00:41, UCT       , UNIFORM   ,  60, 1, 600, False, 1, 2, 0.8    , 0.8, 1-0
2025-08-19 10:01:37, UCT       , UCB       ,  60, 0, 600, False, 1, 2, 0.8    , 0.8, 0-1
2025-08-19 10:09:08, UCT       , UCB       ,  60, 1, 600, False, 1, 2, 0.8    , 0.8, 1/2-1/2
2025-08-19 10:10:46, UCT       , PUTC      ,  60, 0, 600, False, 1, 2, 0.8    , 0.8, 0-1
2025-08-19 10:12:53, UCT       , PUTC      ,  60, 1, 600, False, 1, 2, 0.8    , 0.8, 1/2-1/2
2025-08-19 10:13:11, PUTC      , UNIFORM   ,  60, 0, 600, False, 1, 2, 0.8    , 0.8, 1-0
2025-08-19 10:13:43, PUTC      , UNIFORM   ,  60, 1, 600, False, 1, 2, 0.8    , 0.8, 1-0
2025-08-19 10:15:58, PUTC      , UCB       ,  60, 0, 600, False, 1, 2, 0.8    , 0.8, 1-0
2025-08-19 10:16:51, PUTC      , UCB       ,  60, 1, 600, False, 1, 2, 0.8    , 0.8, 1-0
2025-08-19 10:18:07, PUTC      , UCT       ,  60, 0, 600, False, 1, 2, 0.8    , 0.8, 1-0
2025-08-19 10:19:32, PUTC      , UCT       ,  60, 1, 600, False, 1, 2, 0.8    , 0.8, 1-0
2025-08-19 10:33:38, UNIFORM   , UCB       ,  60, 1, 600, False, 1, 2, 0.8    , 0.8, 1/2-1/2
2025-08-19 10:37:38, UNIFORM   , UCB       ,  60, 2, 600, False, 1, 2, 0.8    , 0.8, 0-1
2025-08-19 10:40:48, UNIFORM   , UCT       ,  60, 1, 600, False, 1, 2, 0.8    , 0.8, 1/2-1/2
2025-08-19 10:44:15, UNIFORM   , UCT       ,  60, 2, 600, False, 1, 2, 0.8    , 0.8, 1/2-1/2
2025-08-19 10:44:17, UNIFORM   , PUTC      ,  60, 1, 600, False, 1, 2, 0.8    , 0.8, 0-1
2025-08-19 10:44:21, UNIFORM   , PUTC      ,  60, 2, 600, False, 1, 2, 0.8    , 0.8, 0-1
2025-08-19 10:49:22, UCB       , UNIFORM   ,  60, 1, 600, False, 1, 2, 0.8    , 0.8, 1/2-1/2
2025-08-19 10:51:06, UCB       , UNIFORM   ,  60, 2, 600, False, 1, 2, 0.8    , 0.8, 1-0
2025-08-19 11:00:03, UCB       , UCT       ,  60, 1, 600, False, 1, 2, 0.8    , 0.8, 1-0
2025-08-19 11:11:05, UCB       , UCT       ,  60, 2, 600, False, 1, 2, 0.8    , 0.8, 1-0
2025-08-19 11:17:33, UCB       , PUTC      ,  60, 1, 600, False, 1, 2, 0.8    , 0.8, 1/2-1/2
2025-08-19 11:20:32, UCB       , PUTC      ,  60, 2, 600, False, 1, 2, 0.8    , 0.8, 0-1
2025-08-19 11:21:40, UCT       , UNIFORM   ,  60, 1, 600, False, 1, 2, 0.8    , 0.8, 1-0
2025-08-19 11:24:01, UCT       , UNIFORM   ,  60, 2, 600, False, 1, 2, 0.8    , 0.8, 1/2-1/2
2025-08-19 11:27:15, UCT       , UCB       ,  60, 1, 600, False, 1, 2, 0.8    , 0.8, 0-1
2025-08-19 11:29:58, UCT       , UCB       ,  60, 2, 600, False, 1, 2, 0.8    , 0.8, 0-1
2025-08-19 11:30:31, UCT       , PUTC      ,  60, 1, 600, False, 1, 2, 0.8    , 0.8, 0-1
2025-08-19 11:32:13, UCT       , PUTC      ,  60, 2, 600, False, 1, 2, 0.8    , 0.8, 1/2-1/2
2025-08-19 11:33:00, PUTC      , UNIFORM   ,  60, 1, 600, False, 1, 2, 0.8    , 0.8, 1-0
2025-08-19 11:34:09, PUTC      , UNIFORM   ,  60, 2, 600, False, 1, 2, 0.8    , 0.8, 1-0
2025-08-19 11:38:52, PUTC      , UCB       ,  60, 1, 600, False, 1, 2, 0.8    , 0.8, 1-0
2025-08-19 11:41:47, PUTC      , UCB       ,  60, 2, 600, False, 1, 2, 0.8    , 0.8, 1-0
2025-08-19 11:44:45, PUTC      , UCT       ,  60, 1, 600, False, 1, 2, 0.8    , 0.8, 1-0
2025-08-19 11:47:54, PUTC      , UCT       ,  60, 2, 600, False, 1, 2, 0.8    , 0.8, 1/2-1/2
2025-08-19 11:58:47, UNIFORM   , UCB       ,  20, 0, 200, True , 1, 2, 0.5    , 0.8, 1-0
2025-08-19 11:59:40, UNIFORM   , UCT       ,  20, 0, 200, True , 1, 2, 0.5    , 0.8, 1-0
2025-08-19 12:00:05, UNIFORM   , PUTC      ,  20, 0, 200, True , 1, 2, 0.5    , 0.8, 0-1
2025-08-19 12:00:38, UCB       , UNIFORM   ,  20, 0, 200, True , 1, 2, 0.5    , 0.8, 0-1
2025-08-19 12:02:25, UCB       , UCT       ,  20, 0, 200, True , 1, 2, 0.5    , 0.8, 1-0
2025-08-19 12:02:50, UCB       , PUTC      ,  20, 0, 200, True , 1, 2, 0.5    , 0.8, 0-1
2025-08-19 12:03:39, UCT       , UNIFORM   ,  20, 0, 200, True , 1, 2, 0.5    , 0.8, 1-0
2025-08-19 12:04:36, UCT       , UCB       ,  20, 0, 200, True , 1, 2, 0.5    , 0.8, 1/2-1/2
2025-08-19 12:06:12, UCT       , PUTC      ,  20, 0, 200, True , 1, 2, 0.5    , 0.8, 1/2-1/2
2025-08-19 12:06:57, PUTC      , UNIFORM   ,  20, 0, 200, True , 1, 2, 0.5    , 0.8, 1-0
2025-08-19 12:09:03, PUTC      , UCB       ,  20, 0, 200, True , 1, 2, 0.5    , 0.8, 1-0
2025-08-19 12:10:12, PUTC      , UCT       ,  20, 0, 200, True , 1, 2, 0.5    , 0.8, 1/2-1/2
2025-08-19 12:11:36, UNIFORM   , UCB       ,  20, 0, 200, True , 1, 2, 0.8    , 0.8, 1-0
2025-08-19 12:12:30, UNIFORM   , UCT       ,  20, 0, 200, True , 1, 2, 0.8    , 0.8, 1-0
2025-08-19 12:13:07, UNIFORM   , PUTC      ,  20, 0, 200, True , 1, 2, 0.8    , 0.8, 0-1
2025-08-19 12:13:10, UCB       , UNIFORM   ,  20, 0, 200, True , 1, 2, 0.8    , 0.8, 1-0
2025-08-19 12:15:03, UCB       , UCT       ,  20, 0, 200, True , 1, 2, 0.8    , 0.8, 1/2-1/2
2025-08-19 12:16:02, UCB       , PUTC      ,  20, 0, 200, True , 1, 2, 0.8    , 0.8, 1/2-1/2
2025-08-19 12:16:56, UCT       , UNIFORM   ,  20, 0, 200, True , 1, 2, 0.8    , 0.8, 0-1
2025-08-19 12:17:22, UCT       , UCB       ,  20, 0, 200, True , 1, 2, 0.8    , 0.8, 0-1
2025-08-19 12:18:15, UCT       , PUTC      ,  20, 0, 200, True , 1, 2, 0.8    , 0.8, 1/2-1/2
2025-08-19 12:18:39, PUTC      , UNIFORM   ,  20, 0, 200, True , 1, 2, 0.8    , 0.8, 1-0
2025-08-19 12:19:23, PUTC      , UCB       ,  20, 0, 200, True , 1, 2, 0.8    , 0.8, 0-1
2025-08-19 12:20:53, PUTC      , UCT       ,  20, 0, 200, True , 1, 2, 0.8    , 0.8, 1/2-1/2
2025-08-19 12:21:47, UNIFORM   , UCB       ,  20, 0, 200, True , 1, 2, 1.2    , 0.8, 1-0
2025-08-19 12:22:43, UNIFORM   , UCT       ,  20, 0, 200, True , 1, 2, 1.2    , 0.8, 1-0
2025-08-19 12:23:40, UNIFORM   , PUTC      ,  20, 0, 200, True , 1, 2, 1.2    , 0.8, 0-1
2025-08-19 12:24:15, UCB       , UNIFORM   ,  20, 0, 200, True , 1, 2, 1.2    , 0.8, 1-0
2025-08-19 12:26:10, UCB       , UCT       ,  20, 0, 200, True , 1, 2, 1.2    , 0.8, 1-0
2025-08-19 12:26:29, UCB       , PUTC      ,  20, 0, 200, True , 1, 2, 1.2    , 0.8, 0-1
2025-08-19 12:27:22, UCT       , UNIFORM   ,  20, 0, 200, True , 1, 2, 1.2    , 0.8, 0-1
2025-08-19 12:29:18, UCT       , UCB       ,  20, 0, 200, True , 1, 2, 1.2    , 0.8, 1/2-1/2
2025-08-19 12:29:46, UCT       , PUTC      ,  20, 0, 200, True , 1, 2, 1.2    , 0.8, 0-1
2025-08-19 12:30:05, PUTC      , UNIFORM   ,  20, 0, 200, True , 1, 2, 1.2    , 0.8, 1-0
2025-08-19 12:31:11, PUTC      , UCB       ,  20, 0, 200, True , 1, 2, 1.2    , 0.8, 1/2-1/2
2025-08-19 12:31:39, PUTC      , UCT       ,  20, 0, 200, True , 1, 2, 1.2    , 0.8, 1-0
2025-08-19 12:41:55, UNIFORM   , UCB       ,  40, 0, 200, False, 1, 2, 0.5    , 0.5, 0-1
2025-08-19 12:43:04, UNIFORM   , UCT       ,  40, 0, 200, False, 1, 2, 0.5    , 0.5, 1/2-1/2
2025-08-19 12:43:34, UNIFORM   , PUTC      ,  40, 0, 200, False, 1, 2, 0.5    , 0.5, 0-1
2025-08-19 12:44:46, UCB       , UNIFORM   ,  40, 0, 200, False, 1, 2, 0.5    , 0.5, 1-0
2025-08-19 12:48:46, UCB       , UCT       ,  40, 0, 200, False, 1, 2, 0.5    , 0.5, 1/2-1/2
2025-08-19 12:50:12, UCB       , PUTC      ,  40, 0, 200, False, 1, 2, 0.5    , 0.5, 0-1
2025-08-19 12:52:05, UCT       , UNIFORM   ,  40, 0, 200, False, 1, 2, 0.5    , 0.5, 1/2-1/2
2025-08-19 12:54:12, UCT       , UCB       ,  40, 0, 200, False, 1, 2, 0.5    , 0.5, 0-1
2025-08-19 12:55:13, UCT       , PUTC      ,  40, 0, 200, False, 1, 2, 0.5    , 0.5, 0-1
2025-08-19 12:57:08, PUTC      , UNIFORM   ,  40, 0, 200, False, 1, 2, 0.5    , 0.5, 1/2-1/2
2025-08-19 12:57:57, PUTC      , UCB       ,  40, 0, 200, False, 1, 2, 0.5    , 0.5, 0-1
2025-08-19 12:58:15, PUTC      , UCT       ,  40, 0, 200, False, 1, 2, 0.5    , 0.5, 1-0
2025-08-19 13:01:23, UNIFORM   , UCB       ,  40, 0, 200, False, 1, 2, 0.5    , 0.8, 0-1
2025-08-19 13:03:03, UNIFORM   , UCT       ,  40, 0, 200, False, 1, 2, 0.5    , 0.8, 1/2-1/2
2025-08-19 13:03:34, UNIFORM   , PUTC      ,  40, 0, 200, False, 1, 2, 0.5    , 0.8, 0-1
2025-08-19 13:04:39, UCB       , UNIFORM   ,  40, 0, 200, False, 1, 2, 0.5    , 0.8, 1-0
2025-08-19 13:08:32, UCB       , UCT       ,  40, 0, 200, False, 1, 2, 0.5    , 0.8, 1/2-1/2
2025-08-19 13:10:35, UCB       , PUTC      ,  40, 0, 200, False, 1, 2, 0.5    , 0.8, 1/2-1/2
2025-08-19 13:11:46, UCT       , UNIFORM   ,  40, 0, 200, False, 1, 2, 0.5    , 0.8, 1/2-1/2
2025-08-19 13:13:04, UCT       , UCB       ,  40, 0, 200, False, 1, 2, 0.5    , 0.8, 1/2-1/2
2025-08-19 13:14:39, UCT       , PUTC      ,  40, 0, 200, False, 1, 2, 0.5    , 0.8, 1/2-1/2
2025-08-19 13:14:40, PUTC      , UNIFORM   ,  40, 0, 200, False, 1, 2, 0.5    , 0.8, 1-0
2025-08-19 13:17:38, PUTC      , UCB       ,  40, 0, 200, False, 1, 2, 0.5    , 0.8, 1/2-1/2
2025-08-19 13:19:29, PUTC      , UCT       ,  40, 0, 200, False, 1, 2, 0.5    , 0.8, 1-0
2025-08-19 13:21:12, UNIFORM   , UCB       ,  40, 0, 200, False, 1, 2, 0.8    , 0.5, 1/2-1/2
2025-08-19 13:22:36, UNIFORM   , UCT       ,  40, 0, 200, False, 1, 2, 0.8    , 0.5, 1/2-1/2
2025-08-19 13:22:51, UNIFORM   , PUTC      ,  40, 0, 200, False, 1, 2, 0.8    , 0.5, 0-1
2025-08-19 13:24:04, UCB       , UNIFORM   ,  40, 0, 200, False, 1, 2, 0.8    , 0.5, 1-0
2025-08-19 13:27:07, UCB       , UCT       ,  40, 0, 200, False, 1, 2, 0.8    , 0.5, 1/2-1/2
2025-08-19 13:28:55, UCB       , PUTC      ,  40, 0, 200, False, 1, 2, 0.8    , 0.5, 0-1
2025-08-19 13:29:53, UCT       , UNIFORM   ,  40, 0, 200, False, 1, 2, 0.8    , 0.5, 1/2-1/2
2025-08-19 13:30:43, UCT       , UCB       ,  40, 0, 200, False, 1, 2, 0.8    , 0.5, 1/2-1/2
2025-08-19 13:30:56, UCT       , PUTC      ,  40, 0, 200, False, 1, 2, 0.8    , 0.5, 0-1
2025-08-19 13:31:39, PUTC      , UNIFORM   ,  40, 0, 200, False, 1, 2, 0.8    , 0.5, 1-0
2025-08-19 13:33:02, PUTC      , UCB       ,  40, 0, 200, False, 1, 2, 0.8    , 0.5, 1/2-1/2
2025-08-19 13:36:00, PUTC      , UCT       ,  40, 0, 200, False, 1, 2, 0.8    , 0.5, 1/2-1/2
2025-08-19 13:38:00, UNIFORM   , UCB       ,  40, 0, 200, False, 1, 2, 0.8    , 0.8, 1/2-1/2
2025-08-19 13:39:12, UNIFORM   , UCT       ,  40, 0, 200, False, 1, 2, 0.8    , 0.8, 1/2-1/2
2025-08-19 13:39:30, UNIFORM   , PUTC      ,  40, 0, 200, False, 1, 2, 0.8    , 0.8, 0-1
2025-08-19 13:41:18, UCB       , UNIFORM   ,  40, 0, 200, False, 1, 2, 0.8    , 0.8, 1/2-1/2
2025-08-19 13:44:53, UCB       , UCT       ,  40, 0, 200, False, 1, 2, 0.8    , 0.8, 1/2-1/2
2025-08-19 13:45:17, UCB       , PUTC      ,  40, 0, 200, False, 1, 2, 0.8    , 0.8, 1-0
2025-08-19 13:46:40, UCT       , UNIFORM   ,  40, 0, 200, False, 1, 2, 0.8    , 0.8, 1/2-1/2
2025-08-19 13:48:45, UCT       , UCB       ,  40, 0, 200, False, 1, 2, 0.8    , 0.8, 1/2-1/2
2025-08-19 13:50:54, UCT       , PUTC      ,  40, 0, 200, False, 1, 2, 0.8    , 0.8, 0-1
2025-08-19 13:51:16, PUTC      , UNIFORM   ,  40, 0, 200, False, 1, 2, 0.8    , 0.8, 1-0
2025-08-19 13:51:44, PUTC      , UCB       ,  40, 0, 200, False, 1, 2, 0.8    , 0.8, 1-0
2025-08-19 13:54:37, PUTC      , UCT       ,  40, 0, 200, False, 1, 2, 0.8    , 0.8, 1/2-1/2
2025-08-19 13:56:28, UNIFORM   , UCB       ,  40, 1, 200, False, 1, 2, 0.5    , 0.5, 1/2-1/2
2025-08-19 13:57:42, UNIFORM   , UCT       ,  40, 1, 200, False, 1, 2, 0.5    , 0.5, 1/2-1/2
2025-08-19 13:57:55, UNIFORM   , PUTC      ,  40, 1, 200, False, 1, 2, 0.5    , 0.5, 0-1
2025-08-19 13:58:05, UCB       , UNIFORM   ,  40, 1, 200, False, 1, 2, 0.5    , 0.5, 1-0
2025-08-19 14:01:07, UCB       , UCT       ,  40, 1, 200, False, 1, 2, 0.5    , 0.5, 1-0
2025-08-19 14:01:54, UCB       , PUTC      ,  40, 1, 200, False, 1, 2, 0.5    , 0.5, 0-1
2025-08-19 14:03:08, UCT       , UNIFORM   ,  40, 1, 200, False, 1, 2, 0.5    , 0.5, 1/2-1/2
2025-08-19 14:06:01, UCT       , UCB       ,  40, 1, 200, False, 1, 2, 0.5    , 0.5, 1/2-1/2
2025-08-19 14:07:30, UCT       , PUTC      ,  40, 1, 200, False, 1, 2, 0.5    , 0.5, 0-1
2025-08-19 14:08:40, PUTC      , UNIFORM   ,  40, 1, 200, False, 1, 2, 0.5    , 0.5, 1/2-1/2
2025-08-19 14:10:54, PUTC      , UCB       ,  40, 1, 200, False, 1, 2, 0.5    , 0.5, 1-0
2025-08-19 14:11:21, PUTC      , UCT       ,  40, 1, 200, False, 1, 2, 0.5    , 0.5, 1-0
2025-08-19 14:13:13, UNIFORM   , UCB       ,  40, 1, 200, False, 1, 2, 0.5    , 0.8, 1/2-1/2
2025-08-19 14:14:21, UNIFORM   , UCT       ,  40, 1, 200, False, 1, 2, 0.5    , 0.8, 1/2-1/2
2025-08-19 14:14:56, UNIFORM   , PUTC      ,  40, 1, 200, False, 1, 2, 0.5    , 0.8, 0-1
2025-08-19 14:16:04, UCB       , UNIFORM   ,  40, 1, 200, False, 1, 2, 0.5    , 0.8, 0-1
2025-08-19 14:19:29, UCB       , UCT       ,  40, 1, 200, False, 1, 2, 0.5    , 0.8, 1/2-1/2
2025-08-19 14:21:15, UCB       , PUTC      ,  40, 1, 200, False, 1, 2, 0.5    , 0.8, 1/2-1/2
2025-08-19 14:22:43, UCT       , UNIFORM   ,  40, 1, 200, False, 1, 2, 0.5    , 0.8, 1/2-1/2
2025-08-19 14:23:42, UCT       , UCB       ,  40, 1, 200, False, 1, 2, 0.5    , 0.8, 0-1
2025-08-19 14:25:54, UCT       , PUTC      ,  40, 1, 200, False, 1, 2, 0.5    , 0.8, 1/2-1/2
2025-08-19 14:27:07, PUTC      , UNIFORM   ,  40, 1, 200, False, 1, 2, 0.5    , 0.8, 1-0
2025-08-19 14:28:42, PUTC      , UCB       ,  40, 1, 200, False, 1, 2, 0.5    , 0.8, 1/2-1/2
2025-08-19 14:30:17, PUTC      , UCT       ,  40, 1, 200, False, 1, 2, 0.5    , 0.8, 1-0
2025-08-19 14:31:58, UNIFORM   , UCB       ,  40, 1, 200, False, 1, 2, 0.8    , 0.5, 1-0
2025-08-19 14:33:28, UNIFORM   , UCT       ,  40, 1, 200, False, 1, 2, 0.8    , 0.5, 1/2-1/2
2025-08-19 14:34:24, UNIFORM   , PUTC      ,  40, 1, 200, False, 1, 2, 0.8    , 0.5, 0-1
2025-08-19 14:34:59, UCB       , UNIFORM   ,  40, 1, 200, False, 1, 2, 0.8    , 0.5, 1-0
2025-08-19 14:38:18, UCB       , UCT       ,  40, 1, 200, False, 1, 2, 0.8    , 0.5, 1/2-1/2
2025-08-19 14:41:39, UCB       , PUTC      ,  40, 1, 200, False, 1, 2, 0.8    , 0.5, 1/2-1/2
2025-08-19 14:42:59, UCT       , UNIFORM   ,  40, 1, 200, False, 1, 2, 0.8    , 0.5, 1/2-1/2
2025-08-19 14:45:51, UCT       , UCB       ,  40, 1, 200, False, 1, 2, 0.8    , 0.5, 0-1
2025-08-19 14:46:54, UCT       , PUTC      ,  40, 1, 200, False, 1, 2, 0.8    , 0.5, 0-1
2025-08-19 14:48:36, PUTC      , UNIFORM   ,  40, 1, 200, False, 1, 2, 0.8    , 0.5, 1-0
2025-08-19 14:50:55, PUTC      , UCB       ,  40, 1, 200, False, 1, 2, 0.8    , 0.5, 1/2-1/2
2025-08-19 14:54:44, PUTC      , UCT       ,  40, 1, 200, False, 1, 2, 0.8    , 0.5, 1/2-1/2
2025-08-19 14:56:56, UNIFORM   , UCB       ,  40, 1, 200, False, 1, 2, 0.8    , 0.8, 1-0
2025-08-19 14:58:33, UNIFORM   , UCT       ,  40, 1, 200, False, 1, 2, 0.8    , 0.8, 1/2-1/2
2025-08-19 14:59:05, UNIFORM   , PUTC      ,  40, 1, 200, False, 1, 2, 0.8    , 0.8, 0-1
2025-08-19 15:00:46, UCB       , UNIFORM   ,  40, 1, 200, False, 1, 2, 0.8    , 0.8, 1/2-1/2
2025-08-19 15:04:46, UCB       , UCT       ,  40, 1, 200, False, 1, 2, 0.8    , 0.8, 1/2-1/2
2025-08-19 15:06:23, UCB       , PUTC      ,  40, 1, 200, False, 1, 2, 0.8    , 0.8, 0-1
2025-08-19 15:08:08, UCT       , UNIFORM   ,  40, 1, 200, False, 1, 2, 0.8    , 0.8, 1/2-1/2
2025-08-19 15:11:47, UCT       , UCB       ,  40, 1, 200, False, 1, 2, 0.8    , 0.8, 1/2-1/2
2025-08-19 15:13:40, UCT       , PUTC      ,  40, 1, 200, False, 1, 2, 0.8    , 0.8, 1/2-1/2
2025-08-19 15:14:12, PUTC      , UNIFORM   ,  40, 1, 200, False, 1, 2, 0.8    , 0.8, 1-0
2025-08-19 15:15:35, PUTC      , UCB       ,  40, 1, 200, False, 1, 2, 0.8    , 0.8, 1/2-1/2
2025-08-19 15:19:55, PUTC      , UCT       ,  40, 1, 200, False, 1, 2, 0.8    , 0.8, 1/2-1/2
2025-08-19 15:22:19, UNIFORM   , UCT       ,  15, 0, 150, True , 1, 1, 0.8    , 0.8, 1-0
2025-08-19 15:23:15, UNIFORM   , UCT_RAVE  ,  15, 0, 150, True , 1, 1, 0.8    , 0.8, 0-1
2025-08-19 15:23:45, UNIFORM   , PUTC      ,  15, 0, 150, True , 1, 1, 0.8    , 0.8, 0-1
2025-08-19 15:24:23, UCT       , UNIFORM   ,  15, 0, 150, True , 1, 1, 0.8    , 0.8, 1-0
2025-08-19 15:25:04, UCT       , UCT_RAVE  ,  15, 0, 150, True , 1, 1, 0.8    , 0.8, 1/2-1/2
2025-08-19 15:25:14, UCT       , PUTC      ,  15, 0, 150, True , 1, 1, 0.8    , 0.8, 0-1
2025-08-19 15:25:56, UCT_RAVE  , UNIFORM   ,  15, 0, 150, True , 1, 1, 0.8    , 0.8, 0-1
2025-08-19 15:26:47, UCT_RAVE  , UCT       ,  15, 0, 150, True , 1, 1, 0.8    , 0.8, 1/2-1/2
2025-08-19 15:27:05, UCT_RAVE  , PUTC      ,  15, 0, 150, True , 1, 1, 0.8    , 0.8, 0-1
2025-08-19 15:27:17, PUTC      , UNIFORM   ,  15, 0, 150, True , 1, 1, 0.8    , 0.8, 1-0
2025-08-19 15:27:37, PUTC      , UCT       ,  15, 0, 150, True , 1, 1, 0.8    , 0.8, 1-0
2025-08-19 15:29:06, PUTC      , UCT_RAVE  ,  15, 0, 150, True , 1, 1, 0.8    , 0.8, 1/2-1/2
2025-08-19 15:41:41, UCT       , UCT_RAVE  ,  20, 0, 180, True , 1, 1, 0.8    , 0.8, 1/2-1/2
2025-08-19 15:42:02, UCT       , PUTC      ,  20, 0, 180, True , 1, 1, 0.8    , 0.8, 0-1
2025-08-19 15:43:52, UCT       , PUTC_RAVE ,  20, 0, 180, True , 1, 1, 0.8    , 0.8, 1-0
2025-08-19 15:44:46, UCT_RAVE  , UCT       ,  20, 0, 180, True , 1, 1, 0.8    , 0.8, 1/2-1/2
2025-08-19 15:45:55, UCT_RAVE  , PUTC      ,  20, 0, 180, True , 1, 1, 0.8    , 0.8, 0-1
2025-08-19 15:47:46, UCT_RAVE  , PUTC_RAVE ,  20, 0, 180, True , 1, 1, 0.8    , 0.8, 1/2-1/2
2025-08-19 15:49:56, PUTC      , UCT       ,  20, 0, 180, True , 1, 1, 0.8    , 0.8, 1-0
2025-08-19 15:51:33, PUTC      , UCT_RAVE  ,  20, 0, 180, True , 1, 1, 0.8    , 0.8, 1-0
2025-08-19 15:53:39, PUTC      , PUTC_RAVE ,  20, 0, 180, True , 1, 1, 0.8    , 0.8, 1-0
2025-08-19 15:55:26, PUTC_RAVE , UCT       ,  20, 0, 180, True , 1, 1, 0.8    , 0.8, 1/2-1/2
2025-08-19 15:56:54, PUTC_RAVE , UCT_RAVE  ,  20, 0, 180, True , 1, 1, 0.8    , 0.8, 1/2-1/2
2025-08-19 15:57:21, PUTC_RAVE , PUTC      ,  20, 0, 180, True , 1, 1, 0.8    , 0.8, 0-1
2025-08-19 16:46:49, PUTC      , PUTC_RAVE ,  10, 0, 140, True , 1, 1, 0.8    , 0.8, True   , 0, 1/2-1/2
2025-08-19 16:47:01, PUTC_RAVE , PUTC      ,  10, 0, 140, True , 1, 1, 0.8    , 0.8, True   , 0, 1-0
2025-08-19 17:21:19, PUTC      , PUTC_RAVE ,  20, 0, 180, True , 1, 1, 0.8    , 0.8, True   , 0, True   , 2, 3, 3, 1-0
2025-08-19 17:26:01, PUTC_RAVE , PUTC      ,  20, 0, 180, True , 1, 1, 0.8    , 0.8, True   , 0, True   , 2, 3, 3, 1-0
2025-08-19 18:58:46, PUTC_GRAVE, PUTC      ,   6, 0, 120, True , 1, 1, 0.8    , 0.8, True   , 0, True   , 1, 3, 3, 150.0, 0-1
2025-08-19 19:07:36, PUTC      , PUTC_GRAVE,   6, 0, 120, True , 1, 1, 0.8    , 0.8, True   , 0, True   , 1, 3, 3, 150.0, 1-0
2025-08-19 19:17:46, PUTC_GRAVE, PUTC      ,  20, 0, 120, True , 1, 1, 0.8    , 0.8, True   , 0, True   , 0, 3, 3, 50.0 ,    , , , 1/2-1/2
2025-08-19 19:17:49, PUTC_GRAVE, PUTC      ,  20, 1, 120, True , 1, 1, 0.8    , 0.8, True   , 0, True   , 0, 3, 3, 50.0 ,    , , , 1/2-1/2
2025-08-19 19:17:54, PUTC_GRAVE, PUTC      ,  20, 2, 120, True , 1, 1, 0.8    , 0.8, True   , 0, True   , 0, 3, 3, 50.0 ,    , , , 1/2-1/2
2025-08-19 19:17:58, PUTC_GRAVE, PUTC      ,  20, 3, 120, True , 1, 1, 0.8    , 0.8, True   , 0, True   , 0, 3, 3, 50.0 ,    , , , 1/2-1/2
2025-08-19 19:18:15, PUTC      , PUTC_GRAVE,  20, 0, 120, True , 1, 1, 0.8    , 0.8, True   , 0, True   , 0, 3, 3, 50.0 ,    , , , 1/2-1/2
2025-08-19 19:18:31, PUTC      , PUTC_GRAVE,  20, 1, 120, True , 1, 1, 0.8    , 0.8, True   , 0, True   , 0, 3, 3, 50.0 ,    , , , 1/2-1/2
2025-08-19 19:18:47, PUTC      , PUTC_GRAVE,  20, 2, 120, True , 1, 1, 0.8    , 0.8, True   , 0, True   , 0, 3, 3, 50.0 ,    , , , 1/2-1/2
2025-08-19 19:19:01, PUTC      , PUTC_GRAVE,  20, 3, 120, True , 1, 1, 0.8    , 0.8, True   , 0, True   , 0, 3, 3, 50.0 ,    , , , 1/2-1/2
2025-08-19 19:19:06, PUTC_GRAVE, PUTC      ,  20, 1, 120, True , 1, 1, 0.8    , 0.8, True   , 0, True   , 0, 3, 3, 50.0 ,    , , , 1/2-1/2
2025-08-19 19:19:11, PUTC_GRAVE, PUTC      ,  20, 2, 120, True , 1, 1, 0.8    , 0.8, True   , 0, True   , 0, 3, 3, 50.0 ,    , , , 1/2-1/2
2025-08-19 19:19:16, PUTC_GRAVE, PUTC      ,  20, 3, 120, True , 1, 1, 0.8    , 0.8, True   , 0, True   , 0, 3, 3, 50.0 ,    , , , 1/2-1/2
2025-08-19 19:19:21, PUTC_GRAVE, PUTC      ,  20, 4, 120, True , 1, 1, 0.8    , 0.8, True   , 0, True   , 0, 3, 3, 50.0 ,    , , , 1/2-1/2
2025-08-19 19:19:36, PUTC      , PUTC_GRAVE,  20, 1, 120, True , 1, 1, 0.8    , 0.8, True   , 0, True   , 0, 3, 3, 50.0 ,    , , , 1/2-1/2
2025-08-19 19:19:50, PUTC      , PUTC_GRAVE,  20, 2, 120, True , 1, 1, 0.8    , 0.8, True   , 0, True   , 0, 3, 3, 50.0 ,    , , , 1/2-1/2
2025-08-19 19:20:06, PUTC      , PUTC_GRAVE,  20, 3, 120, True , 1, 1, 0.8    , 0.8, True   , 0, True   , 0, 3, 3, 50.0 ,    , , , 1/2-1/2
2025-08-19 19:20:21, PUTC      , PUTC_GRAVE,  20, 4, 120, True , 1, 1, 0.8    , 0.8, True   , 0, True   , 0, 3, 3, 50.0 ,    , , , 1/2-1/2
2025-08-19 19:56:58, PUTC_GRAVE, PUTC      ,  20, 0, 120, True , 1, 1, 0.8    , 0.8, True   , 0, True   , 0, 3, 3, 100.0,    , , , 1/2-1/2
2025-08-19 19:57:02, PUTC_GRAVE, PUTC      ,  20, 1, 120, True , 1, 1, 0.8    , 0.8, True   , 0, True   , 0, 3, 3, 100.0,    , , , 1/2-1/2
2025-08-19 19:57:07, PUTC_GRAVE, PUTC      ,  20, 2, 120, True , 1, 1, 0.8    , 0.8, True   , 0, True   , 0, 3, 3, 100.0,    , , , 1/2-1/2
2025-08-19 19:57:10, PUTC_GRAVE, PUTC      ,  20, 3, 120, True , 1, 1, 0.8    , 0.8, True   , 0, True   , 0, 3, 3, 100.0,    , , , 1/2-1/2
2025-08-19 19:57:25, PUTC      , PUTC_GRAVE,  20, 0, 120, True , 1, 1, 0.8    , 0.8, True   , 0, True   , 0, 3, 3, 100.0,    , , , 1/2-1/2
2025-08-19 19:57:40, PUTC      , PUTC_GRAVE,  20, 1, 120, True , 1, 1, 0.8    , 0.8, True   , 0, True   , 0, 3, 3, 100.0,    , , , 1/2-1/2
2025-08-19 19:57:55, PUTC      , PUTC_GRAVE,  20, 2, 120, True , 1, 1, 0.8    , 0.8, True   , 0, True   , 0, 3, 3, 100.0,    , , , 1/2-1/2
2025-08-19 19:58:11, PUTC      , PUTC_GRAVE,  20, 3, 120, True , 1, 1, 0.8    , 0.8, True   , 0, True   , 0, 3, 3, 100.0,    , , , 1/2-1/2
2025-08-19 19:58:15, PUTC_GRAVE, PUTC      ,  20, 1, 120, True , 1, 1, 0.8    , 0.8, True   , 0, True   , 0, 3, 3, 100.0,    , , , 1/2-1/2
2025-08-19 19:58:19, PUTC_GRAVE, PUTC      ,  20, 2, 120, True , 1, 1, 0.8    , 0.8, True   , 0, True   , 0, 3, 3, 100.0,    , , , 1/2-1/2
2025-08-19 19:58:23, PUTC_GRAVE, PUTC      ,  20, 3, 120, True , 1, 1, 0.8    , 0.8, True   , 0, True   , 0, 3, 3, 100.0,    , , , 1/2-1/2
2025-08-19 19:58:26, PUTC_GRAVE, PUTC      ,  20, 4, 120, True , 1, 1, 0.8    , 0.8, True   , 0, True   , 0, 3, 3, 100.0,    , , , 1/2-1/2
2025-08-19 19:58:40, PUTC      , PUTC_GRAVE,  20, 1, 120, True , 1, 1, 0.8    , 0.8, True   , 0, True   , 0, 3, 3, 100.0,    , , , 1/2-1/2
2025-08-19 19:58:55, PUTC      , PUTC_GRAVE,  20, 2, 120, True , 1, 1, 0.8    , 0.8, True   , 0, True   , 0, 3, 3, 100.0,    , , , 1/2-1/2
2025-08-19 19:59:09, PUTC      , PUTC_GRAVE,  20, 3, 120, True , 1, 1, 0.8    , 0.8, True   , 0, True   , 0, 3, 3, 100.0,    , , , 1/2-1/2
2025-08-19 19:59:24, PUTC      , PUTC_GRAVE,  20, 4, 120, True , 1, 1, 0.8    , 0.8, True   , 0, True   , 0, 3, 3, 100.0,    , , , 1/2-1/2
2025-08-19 20:00:34, PUTC_GRAVE, PUTC      ,  20, 0, 120, True , 1, 1, 0.8    , 0.8, True   , 0, True   , 0, 3, 3, 200.0,    , , , 1/2-1/2
2025-08-19 20:00:38, PUTC_GRAVE, PUTC      ,  20, 1, 120, True , 1, 1, 0.8    , 0.8, True   , 0, True   , 0, 3, 3, 200.0,    , , , 1/2-1/2
2025-08-19 20:00:41, PUTC_GRAVE, PUTC      ,  20, 2, 120, True , 1, 1, 0.8    , 0.8, True   , 0, True   , 0, 3, 3, 200.0,    , , , 1/2-1/2
2025-08-19 20:00:44, PUTC_GRAVE, PUTC      ,  20, 3, 120, True , 1, 1, 0.8    , 0.8, True   , 0, True   , 0, 3, 3, 200.0,    , , , 1/2-1/2
2025-08-19 20:00:58, PUTC      , PUTC_GRAVE,  20, 0, 120, True , 1, 1, 0.8    , 0.8, True   , 0, True   , 0, 3, 3, 200.0,    , , , 1/2-1/2
2025-08-19 20:01:12, PUTC      , PUTC_GRAVE,  20, 1, 120, True , 1, 1, 0.8    , 0.8, True   , 0, True   , 0, 3, 3, 200.0,    , , , 1/2-1/2
2025-08-19 20:01:26, PUTC      , PUTC_GRAVE,  20, 2, 120, True , 1, 1, 0.8    , 0.8, True   , 0, True   , 0, 3, 3, 200.0,    , , , 1/2-1/2
2025-08-19 20:01:41, PUTC      , PUTC_GRAVE,  20, 3, 120, True , 1, 1, 0.8    , 0.8, True   , 0, True   , 0, 3, 3, 200.0,    , , , 1/2-1/2
2025-08-19 20:01:45, PUTC_GRAVE, PUTC      ,  20, 1, 120, True , 1, 1, 0.8    , 0.8, True   , 0, True   , 0, 3, 3, 200.0,    , , , 1/2-1/2
2025-08-19 20:01:48, PUTC_GRAVE, PUTC      ,  20, 2, 120, True , 1, 1, 0.8    , 0.8, True   , 0, True   , 0, 3, 3, 200.0,    , , , 1/2-1/2
2025-08-19 20:01:51, PUTC_GRAVE, PUTC      ,  20, 3, 120, True , 1, 1, 0.8    , 0.8, True   , 0, True   , 0, 3, 3, 200.0,    , , , 1/2-1/2
2025-08-19 20:01:55, PUTC_GRAVE, PUTC      ,  20, 4, 120, True , 1, 1, 0.8    , 0.8, True   , 0, True   , 0, 3, 3, 200.0,    , , , 1/2-1/2
2025-08-19 20:02:10, PUTC      , PUTC_GRAVE,  20, 1, 120, True , 1, 1, 0.8    , 0.8, True   , 0, True   , 0, 3, 3, 200.0,    , , , 1/2-1/2
2025-08-19 20:02:25, PUTC      , PUTC_GRAVE,  20, 2, 120, True , 1, 1, 0.8    , 0.8, True   , 0, True   , 0, 3, 3, 200.0,    , , , 1/2-1/2
2025-08-19 20:02:39, PUTC      , PUTC_GRAVE,  20, 3, 120, True , 1, 1, 0.8    , 0.8, True   , 0, True   , 0, 3, 3, 200.0,    , , , 1/2-1/2
2025-08-19 20:02:53, PUTC      , PUTC_GRAVE,  20, 4, 120, True , 1, 1, 0.8    , 0.8, True   , 0, True   , 0, 3, 3, 200.0,    , , , 1/2-1/2
2025-08-19 20:07:51,PUTC_GRAVE,PUTC,20,2,120,True,1,1,0.8,0.8,True,0,True,0,3,3,100.0,True,150,4,,,,1/2-1/2
2025-08-19 20:07:53,PUTC_GRAVE,PUTC,20,3,120,True,1,1,0.8,0.8,True,0,True,0,3,3,100.0,True,150,4,,,,1/2-1/2
2025-08-19 20:08:11,PUTC_GRAVE,PUTC,20,4,120,True,1,1,0.8,0.8,True,0,True,0,3,3,100.0,True,150,4,,,,1/2-1/2
2025-08-19 20:08:13,PUTC_GRAVE,PUTC,20,5,120,True,1,1,0.8,0.8,True,0,True,0,3,3,100.0,True,150,4,,,,1/2-1/2
2025-08-19 20:08:24,PUTC,PUTC_GRAVE,20,2,120,True,1,1,0.8,0.8,True,0,True,0,3,3,100.0,True,150,4,,,,1/2-1/2
2025-08-19 20:08:27,PUTC,PUTC_GRAVE,20,3,120,True,1,1,0.8,0.8,True,0,True,0,3,3,100.0,True,150,4,,,,1/2-1/2
2025-08-19 20:08:40,PUTC,PUTC_GRAVE,20,4,120,True,1,1,0.8,0.8,True,0,True,0,3,3,100.0,True,150,4,,,,1/2-1/2
2025-08-19 20:08:57,PUTC,PUTC_GRAVE,20,5,120,True,1,1,0.8,0.8,True,0,True,0,3,3,100.0,True,150,4,,,,1/2-1/2
2025-08-19 21:07:49,PUTC_GRAVE,UCB,25,0,200,True,1,1,0.8,0.8,True,0,True,0,3,3,100.0,True,120,4,300,4,20,6.815,500,73.4,,,,0-1
2025-08-19 21:07:53,PUTC_GRAVE,UCB,25,1,200,True,1,1,0.8,0.8,True,0,True,0,3,3,100.0,True,120,4,300,4,13,4.457,325,72.9,,,,0-1
2025-08-19 21:08:28,PUTC_GRAVE,UCB,25,2,200,True,1,1,0.8,0.8,True,0,True,0,3,3,100.0,True,120,4,300,4,83,34.754,2075,59.7,,,,0-1
2025-08-19 21:08:30,PUTC_GRAVE,UCB,25,3,200,True,1,1,0.8,0.8,True,0,True,0,3,3,100.0,True,120,4,300,4,5,1.793,125,69.7,,,,0-1
2025-08-19 21:08:45,UCB,PUTC_GRAVE,25,0,200,True,1,1,0.8,0.8,True,0,True,0,3,3,100.0,True,120,4,300,4,44,15.312,1100,71.8,,,,1-0
2025-08-19 21:08:53,UCB,PUTC_GRAVE,25,1,200,True,1,1,0.8,0.8,True,0,True,0,3,3,100.0,True,120,4,300,4,20,7.308,500,68.4,,,,1-0
2025-08-19 21:08:59,UCB,PUTC_GRAVE,25,2,200,True,1,1,0.8,0.8,True,0,True,0,3,3,100.0,True,120,4,300,4,16,6.523,400,61.3,,,,1-0
2025-08-19 21:09:08,UCB,PUTC_GRAVE,25,3,200,True,1,1,0.8,0.8,True,0,True,0,3,3,100.0,True,120,4,300,4,24,9.025,600,66.5,,,,1-0
2025-08-20 00:31:03,PUTC,UCB,60,0,300,True,1,1,0.8,0.8,True,0,True,1,3,3,100.0,False,200,0,0,0,300,11765.776,18000,1.5,,,,1-0
2025-08-20 01:57:56,PUTC,UCB,60,1,300,True,1,1,0.8,0.8,True,0,True,1,3,3,100.0,False,200,0,0,0,175,5212.072,10500,2.0,,,,1-0
2025-08-20 03:55:11,PUTC,UCB,60,2,300,True,1,1,0.8,0.8,True,0,True,1,3,3,100.0,False,200,0,0,0,300,7034.994,18000,2.6,,,,1-0
2025-08-20 03:58:31,PUTC,UCB,60,3,300,True,1,1,0.8,0.8,True,0,True,1,3,3,100.0,False,200,0,0,0,13,199.972,780,3.9,,,,1-0
2025-08-20 04:13:15,UCB,PUTC,60,0,300,True,1,1,0.8,0.8,True,0,True,1,3,3,100.0,False,200,0,0,0,42,884.356,2520,2.8,,,,0-1
2025-08-20 05:29:10,UCB,PUTC,60,1,300,True,1,1,0.8,0.8,True,0,True,1,3,3,100.0,False,200,0,0,0,300,4555.537,18000,4.0,,,,0-1
2025-08-20 07:03:58,UCB,PUTC,60,2,300,True,1,1,0.8,0.8,True,0,True,1,3,3,100.0,False,200,0,0,0,300,5687.692,18000,3.2,,,,0-1
2025-08-20 09:36:04,UCB,PUTC,60,3,300,True,1,1,0.8,0.8,True,0,True,1,3,3,100.0,False,200,0,0,0,300,9125.775,18000,2.0,,,,0-1
2025-08-20 09:39:48,PUTC_GRAVE,UCB,60,0,300,True,1,1,0.8,0.8,True,0,True,1,3,3,50.0,False,200,0,0,0,90,222.449,5400,24.3,,,,0-1
2025-08-20 09:42:04,PUTC_GRAVE,UCB,60,1,300,True,1,1,0.8,0.8,True,0,True,1,3,3,50.0,False,200,0,0,0,48,136.213,2880,21.1,,,,0-1
2025-08-20 09:45:43,PUTC_GRAVE,UCB,60,2,300,True,1,1,0.8,0.8,True,0,True,1,3,3,50.0,False,200,0,0,0,84,218.268,5040,23.1,,,,0-1
2025-08-20 10:19:26,PUTC_GRAVE,UCB,60,3,300,True,1,1,0.8,0.8,True,0,True,1,3,3,50.0,False,200,0,0,0,186,2023.543,11160,5.5,,,,0-1
2025-08-20 10:24:18,UCB,PUTC_GRAVE,60,0,300,True,1,1,0.8,0.8,True,0,True,1,3,3,50.0,False,200,0,0,0,127,291.468,7620,26.1,,,,1-0
2025-08-20 10:51:28,UCB,PUTC_GRAVE,60,1,300,True,1,1,0.8,0.8,True,0,True,1,3,3,50.0,False,200,0,0,0,300,1630.362,18000,11.0,,,,1-0
2025-08-20 10:57:44,UCB,PUTC_GRAVE,60,2,300,True,1,1,0.8,0.8,True,0,True,1,3,3,50.0,False,200,0,0,0,137,375.601,8220,21.9,,,,1-0
2025-08-20 11:07:12,UCB,PUTC_GRAVE,60,3,300,True,1,1,0.8,0.8,True,0,True,1,3,3,50.0,False,200,0,0,0,265,568.440,15900,28.0,,,,1-0
2025-08-20 11:18:53,PUTC_GRAVE,UCB,60,0,300,True,1,1,0.8,0.8,True,0,True,1,3,3,50.0,False,200,0,0,0,300,628.745,18000,28.6,,,,1-0
2025-08-20 11:28:40,PUTC_GRAVE,UCB,60,1,300,True,1,1,0.8,0.8,True,0,True,1,3,3,50.0,False,200,0,0,0,300,587.432,18000,30.6,,,,1-0
2025-08-20 11:37:15,PUTC_GRAVE,UCB,60,2,300,True,1,1,0.8,0.8,True,0,True,1,3,3,50.0,False,200,0,0,0,300,514.368,18000,35.0,,,,1-0
2025-08-20 11:40:32,PUTC_GRAVE,UCB,60,3,300,True,1,1,0.8,0.8,True,0,True,1,3,3,50.0,False,200,0,0,0,117,197.434,7020,35.6,,,,1-0
2025-08-20 11:47:23,UCB,PUTC_GRAVE,60,0,300,True,1,1,0.8,0.8,True,0,True,1,3,3,50.0,False,200,0,0,0,300,410.599,18000,43.8,,,,0-1
2025-08-20 11:56:51,UCB,PUTC_GRAVE,60,1,300,True,1,1,0.8,0.8,True,0,True,1,3,3,50.0,False,200,0,0,0,300,568.284,18000,31.7,,,,0-1
2025-08-20 12:09:59,UCB,PUTC_GRAVE,60,2,300,True,1,1,0.8,0.8,True,0,True,1,3,3,50.0,False,200,0,0,0,300,787.564,18000,22.9,,,,0-1
2025-08-20 12:20:07,UCB,PUTC_GRAVE,60,3,300,True,1,1,0.8,0.8,True,0,True,1,3,3,50.0,False,200,0,0,0,300,608.931,18000,29.6,,,,0-1
