pgn,white,black,result,moves,white_acpl,black_acpl,white_accuracy,black_accuracy,white_best_pct,black_best_pct,white_inacc,white_mistakes,white_blunders,black_inacc,black_mistakes,black_blunders
AB_vs_STOCKFISH.pgn,AB,STOCKFISH,1/2-1/2,2,40.0,12.0,83.3,94.3,0.0,0.0,0,0,0,0,0,0
AB_vs_STOCKFISH.pgn,AB,STOCKFISH,1/2-1/2,2,104.0,50.0,65.8,80.0,0.0,0.0,0,1,0,1,0,0
AB_vs_STOCKFISH.pgn,AB,STOCKFISH,1/2-1/2,2,99.0,0.0,66.9,100.0,0.0,0.0,1,0,0,0,0,0
AB_vs_STOCKFISH.pgn,AB,STOCKFISH,1/2-1/2,2,68.0,55.0,74.6,78.4,0.0,0.0,1,0,0,1,0,0
AB_vs_STOCKFISH.pgn,AB,STOCKFISH,1/2-1/2,2,98.0,38.0,67.1,84.0,0.0,0.0,1,0,0,0,0,0
AB_vs_STOCKFISH.pgn,AB,STOCKFISH,1/2-1/2,2,74.0,75.0,73.0,72.7,0.0,0.0,1,0,0,1,0,0
AB_vs_STOCKFISH.pgn,AB,STOCKFISH,1/2-1/2,2,31.0,146.0,86.6,57.8,0.0,0.0,0,0,0,0,1,0
AB_vs_STOCKFISH.pgn,AB,STOCKFISH,1/2-1/2,2,53.0,42.0,79.1,82.6,0.0,0.0,1,0,0,0,0,0
AB_vs_STOCKFISH.pgn,AB,STOCKFISH,1/2-1/2,2,48.0,63.0,80.6,76.0,0.0,0.0,0,0,0,1,0,0
AB_vs_STOCKFISH.pgn,AB,STOCKFISH,1/2-1/2,2,53.0,21.0,79.1,90.5,0.0,0.0,1,0,0,0,0,0
STOCKFISH_vs_AB.pgn,STOCKFISH,AB,1/2-1/2,3,5.5,3.0,97.4,98.5,50.0,0.0,0,0,0,0,0,0
STOCKFISH_vs_AB.pgn,STOCKFISH,AB,1/2-1/2,3,10.0,14.0,95.4,93.5,0.0,0.0,0,0,0,0,0,0
STOCKFISH_vs_AB.pgn,STOCKFISH,AB,1/2-1/2,3,57.5,89.0,77.9,69.2,0.0,0.0,1,0,0,1,0,0
STOCKFISH_vs_AB.pgn,STOCKFISH,AB,1/2-1/2,3,13.5,101.0,94.1,66.4,50.0,0.0,0,0,0,0,1,0
STOCKFISH_vs_AB.pgn,STOCKFISH,AB,1/2-1/2,3,47.5,49.0,81.3,80.3,0.0,0.0,1,0,0,0,0,0
STOCKFISH_vs_AB.pgn,STOCKFISH,AB,1/2-1/2,3,66.5,33.0,76.3,85.8,0.0,0.0,0,1,0,0,0,0
STOCKFISH_vs_AB.pgn,STOCKFISH,AB,1/2-1/2,3,24.0,10.0,89.3,95.2,0.0,0.0,0,0,0,0,0,0
STOCKFISH_vs_AB.pgn,STOCKFISH,AB,1/2-1/2,3,13.5,12.0,94.1,94.3,0.0,0.0,0,0,0,0,0,0
STOCKFISH_vs_AB.pgn,STOCKFISH,AB,1/2-1/2,3,62.5,105.0,76.5,65.6,0.0,0.0,1,0,0,0,1,0
STOCKFISH_vs_AB.pgn,STOCKFISH,AB,1/2-1/2,3,55.0,60.0,82.3,76.9,0.0,0.0,0,1,0,1,0,0
AB_vs_STOCKFISH.pgn,AB,STOCKFISH,1/2-1/2,2,95.0,65.0,67.8,75.5,0.0,0.0,1,0,0,1,0,0
AB_vs_STOCKFISH.pgn,AB,STOCKFISH,1/2-1/2,2,54.0,76.0,78.7,72.5,0.0,0.0,1,0,0,1,0,0
AB_vs_STOCKFISH.pgn,AB,STOCKFISH,1/2-1/2,2,65.0,75.0,75.5,72.7,0.0,0.0,1,0,0,1,0,0
AB_vs_STOCKFISH.pgn,AB,STOCKFISH,1/2-1/2,2,4.0,76.0,98.0,72.5,0.0,0.0,0,0,0,1,0,0
AB_vs_STOCKFISH.pgn,AB,STOCKFISH,1/2-1/2,2,70.0,98.0,74.1,67.1,0.0,0.0,1,0,0,1,0,0
AB_vs_STOCKFISH.pgn,AB,STOCKFISH,1/2-1/2,2,42.0,32.0,82.6,86.2,0.0,0.0,0,0,0,0,0,0
AB_vs_STOCKFISH.pgn,AB,STOCKFISH,1/2-1/2,2,93.0,129.0,68.3,60.8,0.0,0.0,1,0,0,0,1,0
AB_vs_STOCKFISH.pgn,AB,STOCKFISH,1/2-1/2,2,36.0,98.0,84.7,67.1,0.0,0.0,0,0,0,1,0,0
AB_vs_STOCKFISH.pgn,AB,STOCKFISH,1/2-1/2,2,45.0,38.0,81.6,84.0,0.0,0.0,0,0,0,0,0,0
AB_vs_STOCKFISH.pgn,AB,STOCKFISH,1/2-1/2,2,70.0,70.0,74.1,74.1,0.0,0.0,1,0,0,1,0,0
STOCKFISH_vs_AB.pgn,STOCKFISH,AB,1/2-1/2,3,36.5,32.0,84.6,86.2,0.0,0.0,0,0,0,0,0,0
STOCKFISH_vs_AB.pgn,STOCKFISH,AB,1/2-1/2,3,32.0,37.0,87.9,84.4,50.0,0.0,1,0,0,0,0,0
STOCKFISH_vs_AB.pgn,STOCKFISH,AB,1/2-1/2,3,51.5,34.0,82.5,85.5,0.0,0.0,1,0,0,0,0,0
STOCKFISH_vs_AB.pgn,STOCKFISH,AB,1/2-1/2,3,31.0,31.0,88.2,86.6,50.0,0.0,1,0,0,0,0,0
STOCKFISH_vs_AB.pgn,STOCKFISH,AB,1/2-1/2,3,41.5,0.0,83.4,100.0,0.0,100.0,1,0,0,0,0,0
STOCKFISH_vs_AB.pgn,STOCKFISH,AB,1/2-1/2,3,85.0,8.0,75.9,96.2,0.0,100.0,0,1,0,0,0,0
STOCKFISH_vs_AB.pgn,STOCKFISH,AB,1/2-1/2,3,52.5,62.0,79.5,76.3,0.0,0.0,1,0,0,1,0,0
STOCKFISH_vs_AB.pgn,STOCKFISH,AB,1/2-1/2,3,26.5,120.0,88.4,62.5,0.0,0.0,0,0,0,0,1,0
STOCKFISH_vs_AB.pgn,STOCKFISH,AB,1/2-1/2,3,44.0,7.0,83.4,96.6,0.0,0.0,1,0,0,0,0,0
STOCKFISH_vs_AB.pgn,STOCKFISH,AB,1/2-1/2,3,49.5,45.0,82.4,81.6,0.0,0.0,1,0,0,0,0,0
AB_vs_STOCKFISH.pgn,AB,STOCKFISH,1/2-1/2,2,80.0,19.0,71.4,91.3,0.0,100.0,1,0,0,0,0,0
AB_vs_STOCKFISH.pgn,AB,STOCKFISH,1/2-1/2,2,11.0,3.0,94.8,98.5,0.0,0.0,0,0,0,0,0,0
AB_vs_STOCKFISH.pgn,AB,STOCKFISH,1/2-1/2,2,10.0,149.0,95.2,57.3,0.0,0.0,0,0,0,0,1,0
AB_vs_STOCKFISH.pgn,AB,STOCKFISH,1/2-1/2,2,79.0,40.0,71.7,83.3,0.0,0.0,1,0,0,0,0,0
AB_vs_STOCKFISH.pgn,AB,STOCKFISH,1/2-1/2,2,30.0,126.0,87.0,61.3,0.0,0.0,0,0,0,0,1,0
AB_vs_STOCKFISH.pgn,AB,STOCKFISH,1/2-1/2,2,11.0,21.0,94.8,90.5,0.0,0.0,0,0,0,0,0,0
AB_vs_STOCKFISH.pgn,AB,STOCKFISH,1/2-1/2,2,164.0,59.0,54.9,77.2,0.0,0.0,0,1,0,1,0,0
AB_vs_STOCKFISH.pgn,AB,STOCKFISH,1/2-1/2,2,143.0,105.0,58.3,65.6,0.0,0.0,0,1,0,0,1,0
AB_vs_STOCKFISH.pgn,AB,STOCKFISH,1/2-1/2,2,60.0,165.0,76.9,54.8,0.0,0.0,1,0,0,0,1,0
AB_vs_STOCKFISH.pgn,AB,STOCKFISH,1/2-1/2,2,69.0,111.0,74.3,64.3,0.0,0.0,1,0,0,0,1,0
STOCKFISH_vs_AB.pgn,STOCKFISH,AB,1/2-1/2,3,122.0,88.0,63.1,69.4,0.0,0.0,1,1,0,1,0,0
STOCKFISH_vs_AB.pgn,STOCKFISH,AB,1/2-1/2,3,119.0,147.0,63.3,57.6,0.0,0.0,1,1,0,0,1,0
STOCKFISH_vs_AB.pgn,STOCKFISH,AB,1/2-1/2,3,72.0,135.0,73.5,59.7,0.0,0.0,2,0,0,0,1,0
STOCKFISH_vs_AB.pgn,STOCKFISH,AB,1/2-1/2,3,13.5,95.0,93.7,67.8,0.0,0.0,0,0,0,1,0,0
STOCKFISH_vs_AB.pgn,STOCKFISH,AB,1/2-1/2,3,7.5,13.0,96.5,93.9,50.0,0.0,0,0,0,0,0,0
STOCKFISH_vs_AB.pgn,STOCKFISH,AB,1/2-1/2,3,17.0,85.0,92.3,70.2,50.0,0.0,0,0,0,1,0,0
STOCKFISH_vs_AB.pgn,STOCKFISH,AB,1/2-1/2,3,54.5,41.0,82.1,83.0,0.0,0.0,0,1,0,0,0,0
STOCKFISH_vs_AB.pgn,STOCKFISH,AB,1/2-1/2,3,34.0,45.0,87.3,81.6,0.0,0.0,1,0,0,0,0,0
STOCKFISH_vs_AB.pgn,STOCKFISH,AB,1/2-1/2,3,82.5,125.0,75.6,61.5,50.0,0.0,0,1,0,0,1,0
STOCKFISH_vs_AB.pgn,STOCKFISH,AB,1/2-1/2,3,45.0,52.0,81.8,79.4,0.0,0.0,1,0,0,1,0,0
PUTC_vs_STOCKFISH.pgn,PUTC,STOCKFISH,0-1,24,162.7,123.3,59.8,71.4,0.0,25.0,4,4,3,3,0,4
PUTC_vs_STOCKFISH.pgn,PUTC,STOCKFISH,0-1,10,298.6,173.8,59.2,76.7,0.0,40.0,2,0,2,0,0,1
PUTC_vs_STOCKFISH.pgn,PUTC,STOCKFISH,0-1,10,165.2,11.6,68.7,94.9,0.0,100.0,2,0,1,0,0,0
PUTC_vs_STOCKFISH.pgn,PUTC,STOCKFISH,0-1,28,167.1,128.9,66.8,72.8,14.3,28.6,4,4,3,4,1,3
PUTC_vs_STOCKFISH.pgn,PUTC,STOCKFISH,0-1,10,374.6,248.8,53.5,71.0,0.0,20.0,2,0,2,1,0,1
PUTC_vs_STOCKFISH.pgn,PUTC,STOCKFISH,0-1,12,156.8,70.2,70.9,75.8,0.0,16.7,1,1,1,3,1,0
PUTC_vs_STOCKFISH.pgn,PUTC,STOCKFISH,0-1,14,121.7,71.1,65.0,79.0,14.3,42.9,1,3,2,2,0,1
PUTC_vs_STOCKFISH.pgn,PUTC,STOCKFISH,0-1,20,10037.1,20.4,60.5,91.9,10.0,30.0,1,2,3,2,0,0
PUTC_vs_STOCKFISH.pgn,PUTC,STOCKFISH,0-1,32,107.9,69.8,73.5,80.6,18.8,25.0,6,2,2,4,3,1
PUTC_vs_STOCKFISH.pgn,PUTC,STOCKFISH,0-1,46,4397.6,8725.1,71.9,85.5,21.7,39.1,5,4,4,0,2,2
STOCKFISH_vs_PUTC.pgn,STOCKFISH,PUTC,1-0,21,46.0,113.9,83.8,70.8,36.4,10.0,3,1,0,2,3,2
STOCKFISH_vs_PUTC.pgn,STOCKFISH,PUTC,1-0,29,44.0,104.8,85.4,74.1,40.0,21.4,3,4,0,4,3,2
STOCKFISH_vs_PUTC.pgn,STOCKFISH,PUTC,1-0,9,26.2,198.5,89.5,70.1,40.0,0.0,2,0,0,1,0,1
STOCKFISH_vs_PUTC.pgn,STOCKFISH,PUTC,1-0,23,41.6,109.5,87.7,73.3,33.3,0.0,1,0,1,4,2,1
STOCKFISH_vs_PUTC.pgn,STOCKFISH,PUTC,1-0,19,34.3,138.9,88.1,68.6,20.0,0.0,2,1,0,1,3,1
STOCKFISH_vs_PUTC.pgn,STOCKFISH,PUTC,1-0,9,44.4,198.8,83.6,67.4,20.0,0.0,1,1,0,0,1,1
STOCKFISH_vs_PUTC.pgn,STOCKFISH,PUTC,1-0,43,44.6,86.0,85.2,76.1,27.3,19.0,4,2,1,2,6,2
STOCKFISH_vs_PUTC.pgn,STOCKFISH,PUTC,1-0,13,25.0,144.8,89.5,70.8,28.6,16.7,1,0,0,1,0,2
STOCKFISH_vs_PUTC.pgn,STOCKFISH,PUTC,1-0,9,15.4,211.0,93.2,64.9,40.0,25.0,0,0,0,1,1,1
STOCKFISH_vs_PUTC.pgn,STOCKFISH,PUTC,1-0,9,43.2,199.2,82.8,60.9,40.0,0.0,2,0,0,3,0,1
PUTC_vs_STOCKFISH.pgn,PUTC,STOCKFISH,0-1,64,91.5,6319.8,74.5,76.5,21.9,31.2,4,11,3,8,4,5
PUTC_vs_STOCKFISH.pgn,PUTC,STOCKFISH,0-1,28,119.1,77.4,66.7,78.3,0.0,14.3,4,5,2,2,2,2
PUTC_vs_STOCKFISH.pgn,PUTC,STOCKFISH,0-1,36,138.0,69.3,62.6,77.2,5.6,16.7,6,5,5,3,5,0
PUTC_vs_STOCKFISH.pgn,PUTC,STOCKFISH,0-1,16,273.1,168.9,53.2,66.9,12.5,12.5,2,1,4,0,1,3
PUTC_vs_STOCKFISH.pgn,PUTC,STOCKFISH,0-1,18,11168.9,22290.3,64.5,67.3,11.1,11.1,2,3,2,1,4,1
PUTC_vs_STOCKFISH.pgn,PUTC,STOCKFISH,0-1,14,58.4,28593.3,82.3,77.0,14.3,14.3,1,1,1,2,0,1
PUTC_vs_STOCKFISH.pgn,PUTC,STOCKFISH,0-1,42,120.3,88.3,67.4,75.2,4.8,33.3,7,6,4,6,3,4
PUTC_vs_STOCKFISH.pgn,PUTC,STOCKFISH,0-1,16,123.8,49.1,71.1,86.2,0.0,25.0,1,0,3,0,1,1
PUTC_vs_STOCKFISH.pgn,PUTC,STOCKFISH,0-1,52,115.6,67.5,68.9,77.9,7.7,15.4,12,6,4,7,5,1
PUTC_vs_STOCKFISH.pgn,PUTC,STOCKFISH,0-1,28,194.6,133.4,56.8,65.5,0.0,0.0,3,3,6,4,3,4
STOCKFISH_vs_PUTC.pgn,STOCKFISH,PUTC,1-0,15,24.0,126.3,91.1,64.0,50.0,0.0,2,0,0,2,3,1
STOCKFISH_vs_PUTC.pgn,STOCKFISH,PUTC,1-0,27,14325.2,118.5,78.6,69.9,42.9,23.1,5,2,1,2,3,3
STOCKFISH_vs_PUTC.pgn,STOCKFISH,PUTC,1-0,33,11830.4,138.5,73.0,65.9,17.6,12.5,6,3,2,4,5,4
STOCKFISH_vs_PUTC.pgn,STOCKFISH,PUTC,1-0,35,16653.2,11758.6,76.3,61.8,27.8,5.9,3,2,2,6,4,4
STOCKFISH_vs_PUTC.pgn,STOCKFISH,PUTC,1-0,25,15429.8,8353.8,79.5,65.8,15.4,33.3,2,1,2,2,2,4
STOCKFISH_vs_PUTC.pgn,STOCKFISH,PUTC,1-0,19,20037.5,11143.3,76.3,61.6,10.0,0.0,4,0,1,2,3,2
STOCKFISH_vs_PUTC.pgn,STOCKFISH,PUTC,1-0,18,43.1,125.2,84.3,64.9,44.4,0.0,4,0,0,2,4,1
STOCKFISH_vs_PUTC.pgn,STOCKFISH,PUTC,1-0,29,54.6,105.1,81.0,68.3,13.3,14.3,5,3,0,7,3,2
STOCKFISH_vs_PUTC.pgn,STOCKFISH,PUTC,1-0,33,11802.6,6294.1,80.2,66.6,11.8,0.0,4,2,1,7,5,1
STOCKFISH_vs_PUTC.pgn,STOCKFISH,PUTC,1-0,21,38.3,117.5,87.6,68.3,18.2,0.0,2,1,0,2,4,1
PUTC_vs_STOCKFISH.pgn,PUTC,STOCKFISH,0-1,20,110.5,46.2,74.7,83.1,20.0,20.0,4,0,2,3,1,0
PUTC_vs_STOCKFISH.pgn,PUTC,STOCKFISH,0-1,38,136.2,10612.9,70.8,71.8,36.8,26.3,2,2,6,3,4,4
PUTC_vs_STOCKFISH.pgn,PUTC,STOCKFISH,0-1,8,231.0,32.8,60.7,87.2,0.0,25.0,3,0,1,1,0,0
PUTC_vs_STOCKFISH.pgn,PUTC,STOCKFISH,0-1,22,149.4,76.5,63.5,76.0,9.1,36.4,1,5,2,2,3,1
PUTC_vs_STOCKFISH.pgn,PUTC,STOCKFISH,0-1,22,118.3,53.5,65.2,82.4,9.1,36.4,1,8,0,3,2,0
PUTC_vs_STOCKFISH.pgn,PUTC,STOCKFISH,0-1,18,108.9,31.0,70.2,87.8,0.0,44.4,4,2,1,3,0,0
PUTC_vs_STOCKFISH.pgn,PUTC,STOCKFISH,0-1,36,5635.2,11164.6,62.2,78.9,11.1,27.8,3,9,3,1,3,2
PUTC_vs_STOCKFISH.pgn,PUTC,STOCKFISH,0-1,32,127.8,58.2,69.8,83.2,0.0,31.2,5,2,4,1,2,1
PUTC_vs_STOCKFISH.pgn,PUTC,STOCKFISH,0-1,12,180.7,48.2,62.7,83.9,16.7,66.7,0,2,2,2,1,0
PUTC_vs_STOCKFISH.pgn,PUTC,STOCKFISH,0-1,24,152.8,58.6,65.9,81.6,16.7,33.3,1,4,3,3,3,0
STOCKFISH_vs_PUTC.pgn,STOCKFISH,PUTC,1-0,17,22303.0,12578.2,66.8,52.0,44.4,0.0,3,0,3,2,1,4
STOCKFISH_vs_PUTC.pgn,STOCKFISH,PUTC,1-0,19,17.7,105.9,93.8,72.5,60.0,11.1,0,1,0,3,1,2
STOCKFISH_vs_PUTC.pgn,STOCKFISH,PUTC,1-0,35,11156.1,5925.3,80.4,71.8,33.3,0.0,4,0,2,4,5,1
STOCKFISH_vs_PUTC.pgn,STOCKFISH,PUTC,1-0,9,31.6,184.0,87.1,68.5,40.0,25.0,1,0,0,2,0,1
STOCKFISH_vs_PUTC.pgn,STOCKFISH,PUTC,1-0,29,13374.6,7183.1,79.2,69.2,46.7,28.6,3,2,1,3,3,2
STOCKFISH_vs_PUTC.pgn,STOCKFISH,PUTC,1-0,21,18215.7,10032.9,77.6,58.3,27.3,0.0,3,0,1,2,3,3
STOCKFISH_vs_PUTC.pgn,STOCKFISH,PUTC,1-0,15,49.8,140.9,82.3,67.7,25.0,0.0,5,0,0,4,1,1
STOCKFISH_vs_PUTC.pgn,STOCKFISH,PUTC,1-0,9,40182.6,25229.5,51.5,50.7,40.0,25.0,0,1,2,1,0,2
STOCKFISH_vs_PUTC.pgn,STOCKFISH,PUTC,1-0,21,67.5,141.6,78.7,68.6,45.5,20.0,3,1,1,1,2,3
STOCKFISH_vs_PUTC.pgn,STOCKFISH,PUTC,1-0,11,24.8,167.4,90.0,69.6,33.3,20.0,1,0,0,0,1,1
PUTC_vs_STOCKFISH.pgn,PUTC,STOCKFISH,0-1,48,86.5,8395.1,75.4,76.9,16.7,25.0,2,9,2,3,5,2
PUTC_vs_STOCKFISH.pgn,PUTC,STOCKFISH,0-1,12,16731.0,33382.2,55.2,66.0,0.0,33.3,2,3,1,2,1,1
PUTC_vs_STOCKFISH.pgn,PUTC,STOCKFISH,0-1,32,102.3,42.9,73.0,84.7,0.0,25.0,6,4,1,2,3,0
PUTC_vs_STOCKFISH.pgn,PUTC,STOCKFISH,0-1,18,96.4,42.9,69.8,84.9,22.2,22.2,4,3,1,2,1,0
PUTC_vs_STOCKFISH.pgn,PUTC,STOCKFISH,0-1,30,121.4,80.5,72.7,78.8,13.3,33.3,1,3,3,0,4,2
PUTC_vs_STOCKFISH.pgn,PUTC,STOCKFISH,0-1,30,115.5,54.8,69.1,82.6,0.0,26.7,3,6,1,2,3,1
PUTC_vs_STOCKFISH.pgn,PUTC,STOCKFISH,0-1,30,6699.9,13365.3,69.3,81.1,0.0,13.3,4,4,2,5,0,1
PUTC_vs_STOCKFISH.pgn,PUTC,STOCKFISH,0-1,30,105.5,44.1,73.4,84.7,13.3,20.0,3,2,3,5,1,0
PUTC_vs_STOCKFISH.pgn,PUTC,STOCKFISH,0-1,30,107.1,35.0,70.9,86.6,0.0,20.0,3,5,2,4,0,0
PUTC_vs_STOCKFISH.pgn,PUTC,STOCKFISH,0-1,16,155.2,60.4,59.1,79.6,0.0,37.5,0,4,3,2,2,0
STOCKFISH_vs_PUTC.pgn,STOCKFISH,PUTC,1-0,19,20019.1,11128.0,82.1,65.1,60.0,11.1,1,0,1,4,1,2
STOCKFISH_vs_PUTC.pgn,STOCKFISH,PUTC,1-0,33,57.6,120.5,81.2,68.4,23.5,6.2,6,1,1,7,2,3
STOCKFISH_vs_PUTC.pgn,STOCKFISH,PUTC,1-0,9,40016.0,25019.0,73.3,58.5,40.0,0.0,0,0,1,2,0,1
STOCKFISH_vs_PUTC.pgn,STOCKFISH,PUTC,1-0,37,10639.6,5630.1,70.5,59.1,26.3,5.6,4,2,4,0,8,5
STOCKFISH_vs_PUTC.pgn,STOCKFISH,PUTC,1-0,23,52.9,104.8,83.0,69.1,25.0,0.0,1,3,0,3,4,1
STOCKFISH_vs_PUTC.pgn,STOCKFISH,PUTC,1-0,39,51.4,5300.5,83.7,69.1,25.0,10.5,1,5,0,5,5,3
STOCKFISH_vs_PUTC.pgn,STOCKFISH,PUTC,1-0,48,107.8,4243.8,71.4,63.3,12.5,0.0,6,6,3,6,6,6
STOCKFISH_vs_PUTC.pgn,STOCKFISH,PUTC,1-0,21,44.9,142.6,83.6,70.7,27.3,10.0,4,1,0,1,3,1
STOCKFISH_vs_PUTC.pgn,STOCKFISH,PUTC,1-0,25,15443.5,8403.0,74.6,59.1,23.1,8.3,2,2,2,3,4,3
STOCKFISH_vs_PUTC.pgn,STOCKFISH,PUTC,1-0,15,24.1,133.3,90.0,69.4,25.0,0.0,1,0,0,3,1,1
PUTC_vs_STOCKFISH.pgn,PUTC,STOCKFISH,0-1,48,128.2,65.9,65.3,79.0,8.3,16.7,3,12,3,8,4,1
PUTC_vs_STOCKFISH.pgn,PUTC,STOCKFISH,0-1,24,115.5,16721.8,72.3,75.3,8.3,58.3,0,4,2,1,2,2
PUTC_vs_STOCKFISH.pgn,PUTC,STOCKFISH,0-1,24,8391.6,16748.1,63.4,66.3,16.7,25.0,1,5,2,3,4,1
PUTC_vs_STOCKFISH.pgn,PUTC,STOCKFISH,0-1,34,5971.8,11876.9,60.7,64.0,11.8,29.4,4,6,4,2,8,3
PUTC_vs_STOCKFISH.pgn,PUTC,STOCKFISH,0-1,52,69.9,52.7,77.8,81.2,7.7,19.2,9,4,1,12,2,0
PUTC_vs_STOCKFISH.pgn,PUTC,STOCKFISH,0-1,70,80.7,47.3,76.3,82.0,5.7,8.6,10,10,1,16,0,0
PUTC_vs_STOCKFISH.pgn,PUTC,STOCKFISH,0-1,44,4614.8,9180.6,66.8,72.1,9.1,18.2,4,6,5,3,3,6
PUTC_vs_STOCKFISH.pgn,PUTC,STOCKFISH,0-1,42,4817.3,9579.2,68.1,77.2,4.8,14.3,9,4,3,3,3,2
PUTC_vs_STOCKFISH.pgn,PUTC,STOCKFISH,0-1,12,214.5,84.3,59.0,85.2,16.7,50.0,0,2,2,0,0,1
PUTC_vs_STOCKFISH.pgn,PUTC,STOCKFISH,0-1,20,171.0,93.3,61.3,77.3,10.0,50.0,1,5,2,2,0,2
STOCKFISH_vs_PUTC.pgn,STOCKFISH,PUTC,1-0,15,60.4,146.1,79.5,67.9,25.0,14.3,2,2,0,2,1,2
STOCKFISH_vs_PUTC.pgn,STOCKFISH,PUTC,1-0,33,11832.7,6328.7,72.3,60.6,17.6,6.2,5,5,1,2,6,5
STOCKFISH_vs_PUTC.pgn,STOCKFISH,PUTC,1-0,33,38.5,98.1,86.2,71.0,11.8,0.0,5,1,0,5,5,2
STOCKFISH_vs_PUTC.pgn,STOCKFISH,PUTC,1-0,35,27.7,97.9,89.4,77.2,33.3,5.9,4,1,0,3,4,1
STOCKFISH_vs_PUTC.pgn,STOCKFISH,PUTC,1-0,61,49.9,94.4,81.9,71.5,22.6,10.0,11,4,0,4,17,0
STOCKFISH_vs_PUTC.pgn,STOCKFISH,PUTC,1-0,25,54.2,151.8,82.4,65.5,23.1,8.3,2,2,0,3,2,4
STOCKFISH_vs_PUTC.pgn,STOCKFISH,PUTC,1-0,43,9134.5,4813.5,79.0,68.8,31.8,0.0,9,1,1,10,4,2
STOCKFISH_vs_PUTC.pgn,STOCKFISH,PUTC,1-0,23,58.6,120.2,82.8,68.0,33.3,0.0,1,1,1,2,5,2
STOCKFISH_vs_PUTC.pgn,STOCKFISH,PUTC,1-0,31,12543.9,6680.1,80.7,73.7,37.5,20.0,3,0,2,4,2,2
STOCKFISH_vs_PUTC.pgn,STOCKFISH,PUTC,1-0,41,67.8,105.8,79.8,70.8,14.3,20.0,6,1,3,7,2,4
PUTC_vs_STOCKFISH.pgn,PUTC,STOCKFISH,0-1,32,124.9,12585.5,70.6,69.6,25.0,25.0,3,3,4,5,3,3
PUTC_vs_STOCKFISH.pgn,PUTC,STOCKFISH,0-1,16,12545.1,25047.5,55.3,71.9,12.5,62.5,2,1,4,1,2,1
PUTC_vs_STOCKFISH.pgn,PUTC,STOCKFISH,0-1,34,5935.6,11799.2,65.5,81.5,23.5,17.6,7,4,3,4,1,1
PUTC_vs_STOCKFISH.pgn,PUTC,STOCKFISH,0-1,74,2773.0,5469.1,69.7,76.4,13.5,16.2,11,15,2,12,7,2
PUTC_vs_STOCKFISH.pgn,PUTC,STOCKFISH,0-1,56,3639.4,7204.4,67.1,75.6,10.7,3.6,9,7,4,9,7,1
PUTC_vs_STOCKFISH.pgn,PUTC,STOCKFISH,0-1,18,174.0,108.3,61.1,73.8,11.1,33.3,1,3,3,0,0,3
PUTC_vs_STOCKFISH.pgn,PUTC,STOCKFISH,0-1,14,14356.9,28629.9,52.6,69.9,14.3,42.9,1,2,3,0,1,2
PUTC_vs_STOCKFISH.pgn,PUTC,STOCKFISH,0-1,26,7744.8,15422.3,64.3,78.1,7.7,46.2,7,1,3,5,0,1
PUTC_vs_STOCKFISH.pgn,PUTC,STOCKFISH,0-1,30,103.6,35.7,72.3,85.9,6.7,20.0,3,4,1,2,1,0
PUTC_vs_STOCKFISH.pgn,PUTC,STOCKFISH,0-1,44,119.2,92.3,73.4,78.8,22.7,36.4,3,3,5,4,1,4
STOCKFISH_vs_PUTC.pgn,STOCKFISH,PUTC,1-0,41,69.6,129.8,76.4,63.4,28.6,0.0,9,5,0,5,8,5
STOCKFISH_vs_PUTC.pgn,STOCKFISH,PUTC,1-0,55,7180.7,3734.7,85.5,77.6,28.6,14.8,7,0,2,5,4,4
STOCKFISH_vs_PUTC.pgn,STOCKFISH,PUTC,1-0,73,2753.0,5598.2,73.9,65.9,18.9,16.7,7,8,5,8,7,9
STOCKFISH_vs_PUTC.pgn,STOCKFISH,PUTC,1-0,33,11815.0,6307.1,75.7,64.5,11.8,6.2,9,1,1,5,6,2
STOCKFISH_vs_PUTC.pgn,STOCKFISH,PUTC,1-0,47,54.7,96.3,80.9,71.6,20.8,4.3,6,3,0,8,8,1
STOCKFISH_vs_PUTC.pgn,STOCKFISH,PUTC,1-0,41,9550.6,5019.4,85.2,75.7,14.3,20.0,7,0,1,5,3,2
STOCKFISH_vs_PUTC.pgn,STOCKFISH,PUTC,1-0,31,12522.9,6696.6,84.6,72.8,31.2,26.7,2,0,1,3,3,2
STOCKFISH_vs_PUTC.pgn,STOCKFISH,PUTC,1-0,45,8760.9,4605.9,74.9,65.7,21.7,13.6,3,8,1,1,10,3
STOCKFISH_vs_PUTC.pgn,STOCKFISH,PUTC,1-0,57,46.5,3633.2,85.7,70.9,24.1,7.1,5,0,2,10,5,3
STOCKFISH_vs_PUTC.pgn,STOCKFISH,PUTC,1-0,41,9561.3,5026.8,81.3,74.0,4.8,20.0,6,1,1,4,6,1
PUTC_vs_STOCKFISH.pgn,PUTC,STOCKFISH,0-1,32,6346.1,12587.4,64.0,66.8,6.2,25.0,1,6,4,5,5,2
PUTC_vs_STOCKFISH.pgn,PUTC,STOCKFISH,0-1,22,101.4,23.5,74.0,91.1,18.2,27.3,0,5,1,3,0,0
PUTC_vs_STOCKFISH.pgn,PUTC,STOCKFISH,0-1,80,2579.8,5076.1,69.4,74.2,7.5,17.5,10,11,7,11,9,4
PUTC_vs_STOCKFISH.pgn,PUTC,STOCKFISH,0-1,18,11184.0,22299.9,55.4,65.7,0.0,44.4,1,3,3,1,4,1
PUTC_vs_STOCKFISH.pgn,PUTC,STOCKFISH,0-1,118,118.0,3454.4,66.6,76.8,5.1,15.3,15,22,10,19,13,2
PUTC_vs_STOCKFISH.pgn,PUTC,STOCKFISH,0-1,34,124.0,73.7,71.1,81.1,29.4,17.6,2,7,2,1,2,1
PUTC_vs_STOCKFISH.pgn,PUTC,STOCKFISH,0-1,22,117.7,43.5,69.0,84.3,9.1,36.4,4,4,1,3,1,0
PUTC_vs_STOCKFISH.pgn,PUTC,STOCKFISH,0-1,56,3619.6,7187.9,72.7,80.2,10.7,28.6,11,6,2,7,4,1
PUTC_vs_STOCKFISH.pgn,PUTC,STOCKFISH,0-1,52,3967.8,7788.0,56.4,67.7,3.8,15.4,7,10,9,9,8,3
PUTC_vs_STOCKFISH.pgn,PUTC,STOCKFISH,0-1,44,86.6,54.5,74.8,81.7,13.6,13.6,6,6,1,5,2,1
STOCKFISH_vs_PUTC.pgn,STOCKFISH,PUTC,1-0,69,47.3,86.2,83.6,73.7,20.0,8.8,11,4,0,9,11,2
STOCKFISH_vs_PUTC.pgn,STOCKFISH,PUTC,1-0,27,47.1,117.4,85.4,71.5,21.4,7.7,2,1,1,3,0,4
STOCKFISH_vs_PUTC.pgn,STOCKFISH,PUTC,1-0,35,5563.5,121.9,76.4,66.4,22.2,11.8,3,2,2,2,8,3
STOCKFISH_vs_PUTC.pgn,STOCKFISH,PUTC,1-0,55,3627.2,3798.1,70.1,61.3,17.9,7.4,4,8,5,5,10,7
STOCKFISH_vs_PUTC.pgn,STOCKFISH,PUTC,1-0,59,60.3,86.6,79.8,73.4,26.7,10.3,11,3,1,8,11,1
STOCKFISH_vs_PUTC.pgn,STOCKFISH,PUTC,1-0,25,29.0,102.3,91.2,73.9,46.2,8.3,1,0,1,2,3,2
STOCKFISH_vs_PUTC.pgn,STOCKFISH,PUTC,1-0,17,22260.4,12535.4,75.2,61.5,11.1,0.0,1,2,1,2,2,2
STOCKFISH_vs_PUTC.pgn,STOCKFISH,PUTC,1-0,35,79.6,130.9,76.1,68.0,22.2,11.8,6,3,1,0,5,5
STOCKFISH_vs_PUTC.pgn,STOCKFISH,PUTC,1-0,47,61.7,118.7,78.7,67.0,8.3,0.0,6,7,0,7,5,4
STOCKFISH_vs_PUTC.pgn,STOCKFISH,PUTC,1-0,73,52.6,78.8,81.9,76.0,13.5,5.6,5,7,0,9,10,2
PUTC_vs_STOCKFISH.pgn,PUTC,STOCKFISH,0-1,68,3022.5,5947.1,67.8,74.9,20.6,17.6,7,12,5,16,6,2
PUTC_vs_STOCKFISH.pgn,PUTC,STOCKFISH,0-1,42,4803.8,9565.0,72.0,79.7,14.3,19.0,8,4,2,5,1,1
PUTC_vs_STOCKFISH.pgn,PUTC,STOCKFISH,0-1,38,5306.1,10578.8,70.5,78.0,15.8,15.8,1,7,3,3,5,1
PUTC_vs_STOCKFISH.pgn,PUTC,STOCKFISH,0-1,42,104.8,9573.3,71.2,78.1,9.5,19.0,5,8,2,8,2,1
PUTC_vs_STOCKFISH.pgn,PUTC,STOCKFISH,0-1,16,12544.4,25033.8,58.1,74.8,25.0,37.5,1,3,2,1,1,1
PUTC_vs_STOCKFISH.pgn,PUTC,STOCKFISH,0-1,58,13754.5,17185.4,64.4,73.1,31.0,27.6,7,8,5,6,2,5
PUTC_vs_STOCKFISH.pgn,PUTC,STOCKFISH,0-1,16,166.2,111.4,59.3,70.7,0.0,37.5,3,2,2,2,0,2
PUTC_vs_STOCKFISH.pgn,PUTC,STOCKFISH,0-1,16,142.1,31.0,65.4,87.4,0.0,37.5,2,3,1,2,0,0
PUTC_vs_STOCKFISH.pgn,PUTC,STOCKFISH,0-1,52,81.1,46.5,75.4,84.2,15.4,26.9,8,5,2,4,3,1
PUTC_vs_STOCKFISH.pgn,PUTC,STOCKFISH,0-1,28,14298.1,14377.9,53.0,67.8,0.0,35.7,5,5,4,0,5,3
STOCKFISH_vs_PUTC.pgn,STOCKFISH,PUTC,1-0,55,57.3,101.5,81.2,71.6,7.1,7.4,5,6,0,8,6,4
STOCKFISH_vs_PUTC.pgn,STOCKFISH,PUTC,1-0,19,62.1,11161.9,80.7,56.3,40.0,0.0,3,1,1,1,2,4
STOCKFISH_vs_PUTC.pgn,STOCKFISH,PUTC,1-0,41,9551.8,5025.1,84.5,75.3,33.3,10.0,3,1,1,6,4,1
STOCKFISH_vs_PUTC.pgn,STOCKFISH,PUTC,1-0,95,147.9,161.6,64.1,59.1,14.6,0.0,6,14,15,5,20,16
STOCKFISH_vs_PUTC.pgn,STOCKFISH,PUTC,1-0,41,29.0,73.7,89.3,76.6,19.0,15.0,4,1,0,9,3,1
STOCKFISH_vs_PUTC.pgn,STOCKFISH,PUTC,1-0,29,46.1,83.4,86.1,75.5,26.7,14.3,3,1,1,5,3,1
STOCKFISH_vs_PUTC.pgn,STOCKFISH,PUTC,1-0,43,4553.0,4812.9,78.0,65.3,22.7,0.0,5,3,2,7,7,3
STOCKFISH_vs_PUTC.pgn,STOCKFISH,PUTC,1-0,93,4346.8,2280.0,71.9,65.5,14.9,6.5,13,10,6,7,12,12
STOCKFISH_vs_PUTC.pgn,STOCKFISH,PUTC,1-0,63,113.6,140.9,72.4,68.9,6.2,29.0,4,5,7,8,4,8
STOCKFISH_vs_PUTC.pgn,STOCKFISH,PUTC,1-0,19,38.7,137.7,85.4,64.1,30.0,0.0,3,0,0,3,2,2
PUTC_GRAVE_vs_STOCKFISH.pgn,PUTC_GRAVE,STOCKFISH,0-1,16,104.4,65.8,68.6,79.9,0.0,25.0,2,3,1,0,3,0
PUTC_GRAVE_vs_STOCKFISH.pgn,PUTC_GRAVE,STOCKFISH,0-1,34,111.2,82.7,74.1,77.6,17.6,35.3,3,1,4,4,2,2
PUTC_GRAVE_vs_STOCKFISH.pgn,PUTC_GRAVE,STOCKFISH,0-1,52,101.3,69.6,72.4,77.9,7.7,23.1,8,6,2,8,3,2
PUTC_GRAVE_vs_STOCKFISH.pgn,PUTC_GRAVE,STOCKFISH,0-1,26,7725.5,48.4,65.2,84.8,15.4,38.5,5,0,4,3,2,0
PUTC_GRAVE_vs_STOCKFISH.pgn,PUTC_GRAVE,STOCKFISH,0-1,14,158.3,62.1,63.1,78.1,0.0,28.6,2,1,2,3,1,0
PUTC_GRAVE_vs_STOCKFISH.pgn,PUTC_GRAVE,STOCKFISH,0-1,16,12545.1,25026.1,58.0,78.2,12.5,62.5,1,3,2,1,1,1
PUTC_GRAVE_vs_STOCKFISH.pgn,PUTC_GRAVE,STOCKFISH,0-1,22,9188.7,18265.5,60.8,69.2,9.1,36.4,2,2,4,3,2,2
PUTC_GRAVE_vs_STOCKFISH.pgn,PUTC_GRAVE,STOCKFISH,0-1,14,126.3,43.1,74.8,85.4,28.6,28.6,0,2,1,1,1,0
PUTC_GRAVE_vs_STOCKFISH.pgn,PUTC_GRAVE,STOCKFISH,0-1,14,155.4,52.1,63.3,81.5,0.0,57.1,0,4,1,2,2,0
PUTC_GRAVE_vs_STOCKFISH.pgn,PUTC_GRAVE,STOCKFISH,0-1,20,127.0,51.2,66.6,81.6,0.0,20.0,5,3,1,2,1,0
STOCKFISH_vs_PUTC_GRAVE.pgn,STOCKFISH,PUTC_GRAVE,1-0,13,44.9,158.5,85.3,61.6,42.9,16.7,2,1,0,1,2,2
STOCKFISH_vs_PUTC_GRAVE.pgn,STOCKFISH,PUTC_GRAVE,1-0,29,128.1,188.9,71.6,62.7,20.0,0.0,3,1,4,1,4,4
STOCKFISH_vs_PUTC_GRAVE.pgn,STOCKFISH,PUTC_GRAVE,1-0,33,68.9,140.6,79.6,67.5,23.5,6.2,2,6,1,3,5,3
STOCKFISH_vs_PUTC_GRAVE.pgn,STOCKFISH,PUTC_GRAVE,1-0,13,24.6,138.2,91.0,64.9,42.9,0.0,2,0,0,2,2,1
STOCKFISH_vs_PUTC_GRAVE.pgn,STOCKFISH,PUTC_GRAVE,1-0,45,72.4,106.8,81.1,72.9,26.1,9.1,4,4,2,9,4,2
STOCKFISH_vs_PUTC_GRAVE.pgn,STOCKFISH,PUTC_GRAVE,1-0,21,42.8,104.2,84.4,76.0,27.3,10.0,3,1,0,0,2,2
STOCKFISH_vs_PUTC_GRAVE.pgn,STOCKFISH,PUTC_GRAVE,1-0,27,48.6,87.9,84.6,75.6,35.7,23.1,3,1,1,6,1,1
STOCKFISH_vs_PUTC_GRAVE.pgn,STOCKFISH,PUTC_GRAVE,1-0,23,62.2,124.7,83.7,74.5,25.0,9.1,3,0,1,0,2,2
STOCKFISH_vs_PUTC_GRAVE.pgn,STOCKFISH,PUTC_GRAVE,1-0,21,50.0,151.4,82.7,61.2,36.4,10.0,3,2,0,2,4,3
STOCKFISH_vs_PUTC_GRAVE.pgn,STOCKFISH,PUTC_GRAVE,1-0,17,65.2,142.8,78.7,67.3,33.3,0.0,1,2,0,1,1,2
PUTC_GRAVE_vs_STOCKFISH.pgn,PUTC_GRAVE,STOCKFISH,0-1,20,185.5,102.5,58.7,69.9,20.0,30.0,0,5,3,2,2,2
PUTC_GRAVE_vs_STOCKFISH.pgn,PUTC_GRAVE,STOCKFISH,0-1,34,141.6,78.3,67.0,79.0,11.8,17.6,5,4,3,2,2,3
PUTC_GRAVE_vs_STOCKFISH.pgn,PUTC_GRAVE,STOCKFISH,0-1,22,157.8,56.5,62.5,80.3,0.0,9.1,3,3,3,2,3,0
PUTC_GRAVE_vs_STOCKFISH.pgn,PUTC_GRAVE,STOCKFISH,0-1,8,361.0,196.8,49.9,66.1,0.0,25.0,1,0,2,2,0,1
PUTC_GRAVE_vs_STOCKFISH.pgn,PUTC_GRAVE,STOCKFISH,0-1,34,147.6,98.6,64.5,77.1,5.9,35.3,0,7,4,4,1,3
PUTC_GRAVE_vs_STOCKFISH.pgn,PUTC_GRAVE,STOCKFISH,0-1,6,270.0,26.7,56.9,89.6,0.0,66.7,0,1,1,1,0,0
PUTC_GRAVE_vs_STOCKFISH.pgn,PUTC_GRAVE,STOCKFISH,0-1,10,20044.8,40025.2,48.2,72.3,0.0,80.0,1,3,1,0,1,1
PUTC_GRAVE_vs_STOCKFISH.pgn,PUTC_GRAVE,STOCKFISH,0-1,16,224.6,131.0,57.8,70.7,12.5,25.0,3,1,3,2,1,2
PUTC_GRAVE_vs_STOCKFISH.pgn,PUTC_GRAVE,STOCKFISH,0-1,26,7724.3,15411.1,68.5,82.7,0.0,30.8,4,4,1,3,1,1
PUTC_GRAVE_vs_STOCKFISH.pgn,PUTC_GRAVE,STOCKFISH,0-1,12,16703.5,33369.0,59.8,70.9,16.7,50.0,2,2,1,1,1,1
STOCKFISH_vs_PUTC_GRAVE.pgn,STOCKFISH,PUTC_GRAVE,1-0,23,16731.0,9162.4,70.6,56.6,25.0,9.1,3,3,1,2,5,3
STOCKFISH_vs_PUTC_GRAVE.pgn,STOCKFISH,PUTC_GRAVE,1-0,21,42.7,117.9,84.9,65.6,27.3,0.0,1,2,0,2,5,1
STOCKFISH_vs_PUTC_GRAVE.pgn,STOCKFISH,PUTC_GRAVE,1-0,29,70.7,127.1,77.6,64.4,26.7,7.1,4,3,1,3,6,2
STOCKFISH_vs_PUTC_GRAVE.pgn,STOCKFISH,PUTC_GRAVE,1-0,37,35.0,109.0,86.1,68.4,26.3,16.7,5,0,0,5,7,3
STOCKFISH_vs_PUTC_GRAVE.pgn,STOCKFISH,PUTC_GRAVE,1-0,19,156.3,235.0,70.5,57.1,30.0,0.0,3,0,3,3,0,4
STOCKFISH_vs_PUTC_GRAVE.pgn,STOCKFISH,PUTC_GRAVE,1-0,15,24.5,119.4,90.3,69.6,50.0,14.3,2,0,0,0,1,2
STOCKFISH_vs_PUTC_GRAVE.pgn,STOCKFISH,PUTC_GRAVE,1-0,18,26.3,110.4,88.9,67.9,33.3,0.0,0,0,0,3,3,1
STOCKFISH_vs_PUTC_GRAVE.pgn,STOCKFISH,PUTC_GRAVE,1-0,29,75.4,135.8,78.3,66.5,26.7,14.3,2,4,1,2,5,3
STOCKFISH_vs_PUTC_GRAVE.pgn,STOCKFISH,PUTC_GRAVE,1-0,17,33.9,137.2,86.5,69.7,22.2,12.5,3,0,0,2,2,1
STOCKFISH_vs_PUTC_GRAVE.pgn,STOCKFISH,PUTC_GRAVE,1-0,11,33361.3,20035.6,72.3,59.9,50.0,20.0,1,0,1,2,1,1
PUTC_GRAVE_vs_STOCKFISH.pgn,PUTC_GRAVE,STOCKFISH,0-1,42,4829.6,9586.8,66.8,74.4,4.8,42.9,8,5,3,9,3,2
PUTC_GRAVE_vs_STOCKFISH.pgn,PUTC_GRAVE,STOCKFISH,0-1,24,133.9,69.8,66.3,76.8,0.0,16.7,2,4,2,5,1,1
PUTC_GRAVE_vs_STOCKFISH.pgn,PUTC_GRAVE,STOCKFISH,0-1,28,140.5,66.6,66.1,81.1,7.1,42.9,2,3,5,6,0,1
PUTC_GRAVE_vs_STOCKFISH.pgn,PUTC_GRAVE,STOCKFISH,0-1,8,238.2,38.2,60.0,84.3,0.0,0.0,1,1,1,1,0,0
PUTC_GRAVE_vs_STOCKFISH.pgn,PUTC_GRAVE,STOCKFISH,0-1,24,130.7,64.6,65.4,77.5,8.3,41.7,3,5,2,4,3,0
PUTC_GRAVE_vs_STOCKFISH.pgn,PUTC_GRAVE,STOCKFISH,0-1,38,94.9,48.9,74.6,85.0,15.8,31.6,4,3,3,3,1,2
PUTC_GRAVE_vs_STOCKFISH.pgn,PUTC_GRAVE,STOCKFISH,0-1,16,166.4,80.9,61.9,82.4,0.0,37.5,2,1,3,0,0,1
PUTC_GRAVE_vs_STOCKFISH.pgn,PUTC_GRAVE,STOCKFISH,0-1,26,83.3,30.1,74.5,88.9,7.7,30.8,0,6,0,2,1,0
PUTC_GRAVE_vs_STOCKFISH.pgn,PUTC_GRAVE,STOCKFISH,0-1,26,7778.6,15478.0,62.1,70.8,23.1,38.5,1,2,6,1,0,5
PUTC_GRAVE_vs_STOCKFISH.pgn,PUTC_GRAVE,STOCKFISH,0-1,14,145.9,29.3,71.9,89.6,0.0,42.9,4,0,1,1,1,0
STOCKFISH_vs_PUTC_GRAVE.pgn,STOCKFISH,PUTC_GRAVE,1-0,17,66.3,137.2,82.1,62.8,33.3,0.0,2,0,1,3,2,2
STOCKFISH_vs_PUTC_GRAVE.pgn,STOCKFISH,PUTC_GRAVE,1-0,11,33360.8,20002.2,73.8,56.1,100.0,0.0,0,1,1,1,0,2
STOCKFISH_vs_PUTC_GRAVE.pgn,STOCKFISH,PUTC_GRAVE,1-0,45,71.9,78.9,76.6,74.6,21.7,4.5,10,4,1,5,8,1
STOCKFISH_vs_PUTC_GRAVE.pgn,STOCKFISH,PUTC_GRAVE,1-0,29,38.5,87.2,85.6,75.3,26.7,0.0,4,2,0,6,2,1
STOCKFISH_vs_PUTC_GRAVE.pgn,STOCKFISH,PUTC_GRAVE,1-0,23,16763.5,9195.5,69.5,55.9,33.3,0.0,3,2,2,4,2,4
STOCKFISH_vs_PUTC_GRAVE.pgn,STOCKFISH,PUTC_GRAVE,1-0,21,41.5,119.7,85.6,68.3,27.3,10.0,2,2,0,4,1,2
STOCKFISH_vs_PUTC_GRAVE.pgn,STOCKFISH,PUTC_GRAVE,1-0,37,10584.5,5604.3,74.5,69.7,21.1,11.1,5,4,1,4,3,4
STOCKFISH_vs_PUTC_GRAVE.pgn,STOCKFISH,PUTC_GRAVE,1-0,17,55.3,127.0,82.7,68.5,22.2,0.0,1,3,0,3,2,1
STOCKFISH_vs_PUTC_GRAVE.pgn,STOCKFISH,PUTC_GRAVE,1-0,45,47.7,93.3,82.9,74.8,26.1,9.1,7,2,0,6,6,2
STOCKFISH_vs_PUTC_GRAVE.pgn,STOCKFISH,PUTC_GRAVE,1-0,19,20090.4,11211.2,65.5,46.8,40.0,0.0,2,2,3,2,2,5
PUTC_GRAVE_vs_STOCKFISH.pgn,PUTC_GRAVE,STOCKFISH,0-1,38,130.8,83.9,67.3,81.7,10.5,21.1,3,5,5,3,1,2
PUTC_GRAVE_vs_STOCKFISH.pgn,PUTC_GRAVE,STOCKFISH,0-1,12,256.8,129.7,58.1,72.1,16.7,33.3,2,0,3,1,1,1
PUTC_GRAVE_vs_STOCKFISH.pgn,PUTC_GRAVE,STOCKFISH,0-1,10,20019.8,40024.8,62.1,71.3,20.0,40.0,1,1,1,0,1,1
PUTC_GRAVE_vs_STOCKFISH.pgn,PUTC_GRAVE,STOCKFISH,0-1,18,208.8,122.2,60.4,71.5,11.1,22.2,0,1,5,1,1,3
PUTC_GRAVE_vs_STOCKFISH.pgn,PUTC_GRAVE,STOCKFISH,0-1,20,146.0,45.9,66.2,87.8,0.0,40.0,0,3,3,1,0,1
PUTC_GRAVE_vs_STOCKFISH.pgn,PUTC_GRAVE,STOCKFISH,0-1,28,122.7,67.6,69.7,78.6,21.4,28.6,3,3,3,1,5,0
PUTC_GRAVE_vs_STOCKFISH.pgn,PUTC_GRAVE,STOCKFISH,0-1,32,100.5,49.2,72.1,84.6,18.8,31.2,6,3,2,2,2,1
PUTC_GRAVE_vs_STOCKFISH.pgn,PUTC_GRAVE,STOCKFISH,0-1,16,171.6,67.6,61.2,81.1,0.0,37.5,3,0,3,2,0,1
PUTC_GRAVE_vs_STOCKFISH.pgn,PUTC_GRAVE,STOCKFISH,0-1,30,161.7,92.6,65.9,78.6,0.0,20.0,1,1,6,1,1,3
PUTC_GRAVE_vs_STOCKFISH.pgn,PUTC_GRAVE,STOCKFISH,0-1,12,174.5,60.3,65.9,78.2,0.0,33.3,3,0,2,4,0,0
STOCKFISH_vs_PUTC_GRAVE.pgn,STOCKFISH,PUTC_GRAVE,1-0,19,45.4,138.4,83.6,65.7,30.0,0.0,3,1,0,2,3,2
STOCKFISH_vs_PUTC_GRAVE.pgn,STOCKFISH,PUTC_GRAVE,1-0,13,28623.9,16697.0,70.3,52.0,57.1,0.0,1,0,2,0,1,3
STOCKFISH_vs_PUTC_GRAVE.pgn,STOCKFISH,PUTC_GRAVE,1-0,29,53.8,132.9,82.9,67.8,46.7,7.1,0,2,1,4,1,4
STOCKFISH_vs_PUTC_GRAVE.pgn,STOCKFISH,PUTC_GRAVE,1-0,21,49.1,125.9,82.9,70.0,36.4,0.0,1,3,0,3,1,2
STOCKFISH_vs_PUTC_GRAVE.pgn,STOCKFISH,PUTC_GRAVE,1-0,35,5563.8,5940.4,77.6,68.7,27.8,17.6,7,1,2,2,3,5
STOCKFISH_vs_PUTC_GRAVE.pgn,STOCKFISH,PUTC_GRAVE,1-0,19,37.0,127.6,86.4,71.8,40.0,33.3,3,1,0,0,4,1
STOCKFISH_vs_PUTC_GRAVE.pgn,STOCKFISH,PUTC_GRAVE,1-0,21,48.7,127.4,84.7,70.8,18.2,0.0,1,3,0,1,4,1
STOCKFISH_vs_PUTC_GRAVE.pgn,STOCKFISH,PUTC_GRAVE,1-0,17,18.2,87.2,92.3,71.0,44.4,0.0,1,0,0,4,2,0
STOCKFISH_vs_PUTC_GRAVE.pgn,STOCKFISH,PUTC_GRAVE,1-0,21,94.8,158.0,73.3,62.5,27.3,0.0,2,4,1,2,4,2
STOCKFISH_vs_PUTC_GRAVE.pgn,STOCKFISH,PUTC_GRAVE,1-0,39,44.0,98.2,83.2,74.0,35.0,5.3,6,1,0,6,4,1
PUTC_GRAVE_vs_STOCKFISH.pgn,PUTC_GRAVE,STOCKFISH,0-1,22,163.8,91.9,65.5,78.8,9.1,36.4,0,3,3,2,1,1
PUTC_GRAVE_vs_STOCKFISH.pgn,PUTC_GRAVE,STOCKFISH,0-1,22,9179.5,18262.9,59.2,71.9,9.1,45.5,2,3,3,1,0,3
PUTC_GRAVE_vs_STOCKFISH.pgn,PUTC_GRAVE,STOCKFISH,0-1,58,3513.2,74.0,68.5,76.2,13.8,24.1,7,10,4,14,5,1
PUTC_GRAVE_vs_STOCKFISH.pgn,PUTC_GRAVE,STOCKFISH,0-1,28,140.7,84.4,66.2,75.2,0.0,28.6,2,6,2,4,2,2
PUTC_GRAVE_vs_STOCKFISH.pgn,PUTC_GRAVE,STOCKFISH,0-1,8,187.5,21.2,72.4,91.1,0.0,50.0,1,0,1,1,0,0
PUTC_GRAVE_vs_STOCKFISH.pgn,PUTC_GRAVE,STOCKFISH,0-1,18,124.1,50.6,69.2,83.5,11.1,44.4,2,2,2,1,0,1
PUTC_GRAVE_vs_STOCKFISH.pgn,PUTC_GRAVE,STOCKFISH,0-1,32,145.6,107.4,65.6,69.7,12.5,12.5,5,3,4,4,5,3
PUTC_GRAVE_vs_STOCKFISH.pgn,PUTC_GRAVE,STOCKFISH,0-1,28,120.2,61.6,69.2,79.4,7.1,42.9,4,3,3,5,2,1
PUTC_GRAVE_vs_STOCKFISH.pgn,PUTC_GRAVE,STOCKFISH,0-1,16,128.5,19.0,68.7,92.2,0.0,37.5,2,1,2,1,0,0
PUTC_GRAVE_vs_STOCKFISH.pgn,PUTC_GRAVE,STOCKFISH,0-1,12,176.3,39.3,63.6,85.4,0.0,33.3,3,0,2,2,0,0
STOCKFISH_vs_PUTC_GRAVE.pgn,STOCKFISH,PUTC_GRAVE,1-0,47,54.0,80.7,81.3,76.8,20.8,13.0,10,1,1,6,2,3
STOCKFISH_vs_PUTC_GRAVE.pgn,STOCKFISH,PUTC_GRAVE,1-0,25,15466.8,8425.3,73.2,63.6,23.1,16.7,2,0,3,2,2,3
STOCKFISH_vs_PUTC_GRAVE.pgn,STOCKFISH,PUTC_GRAVE,1-0,27,51.3,83.5,81.8,76.7,28.6,7.7,7,1,0,6,1,1
STOCKFISH_vs_PUTC_GRAVE.pgn,STOCKFISH,PUTC_GRAVE,1-0,37,70.4,112.2,77.8,68.5,36.8,5.6,6,4,1,6,5,3
STOCKFISH_vs_PUTC_GRAVE.pgn,STOCKFISH,PUTC_GRAVE,1-0,39,103.2,145.6,77.3,72.5,15.0,10.5,5,3,2,8,1,3
STOCKFISH_vs_PUTC_GRAVE.pgn,STOCKFISH,PUTC_GRAVE,1-0,31,38.4,83.5,86.8,74.2,37.5,13.3,1,0,1,6,4,1
STOCKFISH_vs_PUTC_GRAVE.pgn,STOCKFISH,PUTC_GRAVE,1-0,17,69.0,171.2,78.2,56.8,33.3,0.0,4,1,1,1,5,2
STOCKFISH_vs_PUTC_GRAVE.pgn,STOCKFISH,PUTC_GRAVE,1-0,37,47.7,95.8,83.9,73.5,21.1,5.6,6,2,0,2,7,2
STOCKFISH_vs_PUTC_GRAVE.pgn,STOCKFISH,PUTC_GRAVE,1-0,15,92.2,204.7,75.8,62.7,25.0,0.0,3,1,1,2,0,3
STOCKFISH_vs_PUTC_GRAVE.pgn,STOCKFISH,PUTC_GRAVE,1-0,45,77.3,127.4,79.2,73.2,30.4,13.6,6,1,3,4,4,4
PUTC_GRAVE_vs_STOCKFISH.pgn,PUTC_GRAVE,STOCKFISH,0-1,36,145.3,75.3,63.8,78.3,16.7,22.2,3,4,6,3,4,1
PUTC_GRAVE_vs_STOCKFISH.pgn,PUTC_GRAVE,STOCKFISH,0-1,20,146.8,62.7,62.7,79.7,10.0,20.0,3,4,2,3,1,1
PUTC_GRAVE_vs_STOCKFISH.pgn,PUTC_GRAVE,STOCKFISH,0-1,22,105.1,32.7,72.3,86.9,9.1,36.4,3,3,1,3,0,0
PUTC_GRAVE_vs_STOCKFISH.pgn,PUTC_GRAVE,STOCKFISH,0-1,26,7774.9,15481.2,56.5,66.3,0.0,23.1,1,5,4,1,5,2
PUTC_GRAVE_vs_STOCKFISH.pgn,PUTC_GRAVE,STOCKFISH,0-1,40,10013.4,5030.1,65.6,74.1,15.0,20.0,5,4,4,4,3,4
PUTC_GRAVE_vs_STOCKFISH.pgn,PUTC_GRAVE,STOCKFISH,0-1,18,117.3,52.7,72.2,83.6,11.1,44.4,1,4,1,3,0,1
PUTC_GRAVE_vs_STOCKFISH.pgn,PUTC_GRAVE,STOCKFISH,0-1,36,5666.0,5618.3,58.8,67.4,0.0,38.9,7,3,6,2,5,4
PUTC_GRAVE_vs_STOCKFISH.pgn,PUTC_GRAVE,STOCKFISH,0-1,22,9122.3,25.9,65.4,89.3,0.0,45.5,2,1,3,1,0,0
PUTC_GRAVE_vs_STOCKFISH.pgn,PUTC_GRAVE,STOCKFISH,0-1,24,118.0,40.6,71.0,85.8,8.3,33.3,3,3,2,2,2,0
PUTC_GRAVE_vs_STOCKFISH.pgn,PUTC_GRAVE,STOCKFISH,0-1,24,222.5,149.8,57.5,66.1,0.0,33.3,3,2,5,0,4,4
STOCKFISH_vs_PUTC_GRAVE.pgn,STOCKFISH,PUTC_GRAVE,1-0,25,98.3,192.6,73.1,57.2,15.4,8.3,2,2,3,0,3,6
STOCKFISH_vs_PUTC_GRAVE.pgn,STOCKFISH,PUTC_GRAVE,1-0,19,47.3,108.3,82.6,72.7,40.0,11.1,3,1,0,0,2,2
STOCKFISH_vs_PUTC_GRAVE.pgn,STOCKFISH,PUTC_GRAVE,1-0,39,73.4,94.4,76.8,70.8,30.0,0.0,9,1,1,9,5,1
STOCKFISH_vs_PUTC_GRAVE.pgn,STOCKFISH,PUTC_GRAVE,1-0,17,22241.3,12511.1,81.2,76.6,44.4,37.5,2,0,1,3,0,1
STOCKFISH_vs_PUTC_GRAVE.pgn,STOCKFISH,PUTC_GRAVE,1-0,13,14.1,120.7,94.0,78.6,57.1,16.7,0,0,0,1,0,1
STOCKFISH_vs_PUTC_GRAVE.pgn,STOCKFISH,PUTC_GRAVE,1-0,19,124.8,221.4,71.1,59.8,20.0,11.1,1,1,3,2,0,4
STOCKFISH_vs_PUTC_GRAVE.pgn,STOCKFISH,PUTC_GRAVE,1-0,43,77.6,117.9,76.6,70.1,22.7,14.3,3,5,2,5,8,2
STOCKFISH_vs_PUTC_GRAVE.pgn,STOCKFISH,PUTC_GRAVE,1-0,27,90.1,126.7,77.7,67.3,21.4,7.7,0,4,1,1,3,4
STOCKFISH_vs_PUTC_GRAVE.pgn,STOCKFISH,PUTC_GRAVE,1-0,25,66.2,154.4,79.9,62.6,30.8,0.0,2,3,1,6,2,3
STOCKFISH_vs_PUTC_GRAVE.pgn,STOCKFISH,PUTC_GRAVE,1-0,17,87.1,167.4,75.7,60.6,11.1,0.0,3,0,2,2,3,2
PUTC_GRAVE_vs_STOCKFISH.pgn,PUTC_GRAVE,STOCKFISH,0-1,10,155.2,23.6,67.8,91.2,0.0,60.0,0,2,1,1,0,0
PUTC_GRAVE_vs_STOCKFISH.pgn,PUTC_GRAVE,STOCKFISH,0-1,40,128.6,85.5,68.8,76.6,15.0,20.0,3,4,5,4,4,2
PUTC_GRAVE_vs_STOCKFISH.pgn,PUTC_GRAVE,STOCKFISH,0-1,26,111.1,56.8,69.0,85.8,0.0,38.5,5,2,2,1,1,1
PUTC_GRAVE_vs_STOCKFISH.pgn,PUTC_GRAVE,STOCKFISH,0-1,14,182.4,92.7,58.8,74.4,0.0,14.3,0,4,2,3,1,1
PUTC_GRAVE_vs_STOCKFISH.pgn,PUTC_GRAVE,STOCKFISH,0-1,42,87.1,42.8,74.3,84.5,9.5,28.6,7,5,2,3,3,0
PUTC_GRAVE_vs_STOCKFISH.pgn,PUTC_GRAVE,STOCKFISH,0-1,8,226.0,35.2,65.3,86.8,25.0,25.0,1,0,1,1,0,0
PUTC_GRAVE_vs_STOCKFISH.pgn,PUTC_GRAVE,STOCKFISH,0-1,28,107.9,40.5,71.7,86.1,7.1,35.7,4,1,4,2,2,0
PUTC_GRAVE_vs_STOCKFISH.pgn,PUTC_GRAVE,STOCKFISH,0-1,8,210.2,21.2,66.8,90.9,0.0,50.0,0,1,1,0,0,0
PUTC_GRAVE_vs_STOCKFISH.pgn,PUTC_GRAVE,STOCKFISH,0-1,20,142.6,64.2,66.8,78.1,0.0,20.0,1,4,2,4,2,0
PUTC_GRAVE_vs_STOCKFISH.pgn,PUTC_GRAVE,STOCKFISH,0-1,18,124.6,56.3,66.7,81.2,0.0,44.4,3,3,1,3,1,0
STOCKFISH_vs_PUTC_GRAVE.pgn,STOCKFISH,PUTC_GRAVE,1-0,19,71.4,154.0,80.7,72.0,40.0,33.3,1,1,1,3,0,2
STOCKFISH_vs_PUTC_GRAVE.pgn,STOCKFISH,PUTC_GRAVE,1-0,23,51.3,115.9,81.1,70.9,25.0,9.1,4,1,0,3,3,1
STOCKFISH_vs_PUTC_GRAVE.pgn,STOCKFISH,PUTC_GRAVE,1-0,27,69.9,137.2,78.9,65.8,35.7,23.1,4,1,1,3,2,4
STOCKFISH_vs_PUTC_GRAVE.pgn,STOCKFISH,PUTC_GRAVE,1-0,39,10060.9,5316.9,77.4,70.5,50.0,15.8,1,5,2,2,4,4
STOCKFISH_vs_PUTC_GRAVE.pgn,STOCKFISH,PUTC_GRAVE,1-0,43,9150.5,4826.5,77.0,66.2,27.3,23.8,4,2,3,3,8,3
STOCKFISH_vs_PUTC_GRAVE.pgn,STOCKFISH,PUTC_GRAVE,1-0,43,35.1,82.6,86.3,76.0,18.2,19.0,8,0,0,10,2,1
STOCKFISH_vs_PUTC_GRAVE.pgn,STOCKFISH,PUTC_GRAVE,1-0,11,34.7,178.6,86.8,72.1,50.0,20.0,2,0,0,2,0,1
STOCKFISH_vs_PUTC_GRAVE.pgn,STOCKFISH,PUTC_GRAVE,1-0,23,43.7,9117.6,88.9,62.2,58.3,18.2,1,0,1,3,2,3
STOCKFISH_vs_PUTC_GRAVE.pgn,STOCKFISH,PUTC_GRAVE,1-0,39,56.5,90.4,82.4,76.4,30.0,15.8,6,0,2,6,1,2
STOCKFISH_vs_PUTC_GRAVE.pgn,STOCKFISH,PUTC_GRAVE,1-0,39,76.2,107.2,77.5,71.8,25.0,10.5,3,6,1,3,5,4
PUTC_GRAVE_vs_STOCKFISH.pgn,PUTC_GRAVE,STOCKFISH,0-1,18,120.2,37.6,71.8,85.4,11.1,33.3,2,0,3,1,1,0
PUTC_GRAVE_vs_STOCKFISH.pgn,PUTC_GRAVE,STOCKFISH,0-1,30,128.7,75.3,68.5,79.1,0.0,20.0,5,3,3,4,3,1
PUTC_GRAVE_vs_STOCKFISH.pgn,PUTC_GRAVE,STOCKFISH,0-1,22,223.3,122.6,58.0,71.3,0.0,18.2,1,2,5,2,2,3
PUTC_GRAVE_vs_STOCKFISH.pgn,PUTC_GRAVE,STOCKFISH,0-1,16,117.4,42.1,70.2,84.5,0.0,37.5,3,1,1,2,1,0
PUTC_GRAVE_vs_STOCKFISH.pgn,PUTC_GRAVE,STOCKFISH,0-1,32,148.5,79.9,62.6,78.2,0.0,18.8,3,6,4,2,3,2
PUTC_GRAVE_vs_STOCKFISH.pgn,PUTC_GRAVE,STOCKFISH,0-1,52,3944.2,7775.9,63.6,72.7,15.4,7.7,3,9,7,8,4,4
PUTC_GRAVE_vs_STOCKFISH.pgn,PUTC_GRAVE,STOCKFISH,0-1,12,163.5,41.2,61.5,86.8,0.0,50.0,1,3,1,1,1,0
PUTC_GRAVE_vs_STOCKFISH.pgn,PUTC_GRAVE,STOCKFISH,0-1,6,33391.0,66700.3,55.6,55.5,33.3,66.7,0,1,1,0,1,1
PUTC_GRAVE_vs_STOCKFISH.pgn,PUTC_GRAVE,STOCKFISH,0-1,14,219.9,120.1,57.7,78.3,0.0,28.6,2,2,2,0,1,1
PUTC_GRAVE_vs_STOCKFISH.pgn,PUTC_GRAVE,STOCKFISH,0-1,6,33419.0,66731.3,35.0,46.1,0.0,33.3,0,2,1,0,1,1
STOCKFISH_vs_PUTC_GRAVE.pgn,STOCKFISH,PUTC_GRAVE,1-0,23,63.2,143.5,80.2,63.3,33.3,0.0,2,2,1,2,5,2
STOCKFISH_vs_PUTC_GRAVE.pgn,STOCKFISH,PUTC_GRAVE,1-0,41,75.3,127.4,77.7,66.4,14.3,5.0,7,2,2,6,5,4
STOCKFISH_vs_PUTC_GRAVE.pgn,STOCKFISH,PUTC_GRAVE,1-0,29,73.3,162.8,78.6,64.4,40.0,7.1,5,3,1,5,2,4
STOCKFISH_vs_PUTC_GRAVE.pgn,STOCKFISH,PUTC_GRAVE,1-0,15,32.6,128.1,88.3,70.7,25.0,0.0,1,1,0,2,1,1
STOCKFISH_vs_PUTC_GRAVE.pgn,STOCKFISH,PUTC_GRAVE,1-0,17,22233.7,12505.0,83.9,63.0,66.7,25.0,1,0,1,1,2,2
STOCKFISH_vs_PUTC_GRAVE.pgn,STOCKFISH,PUTC_GRAVE,1-0,21,66.3,163.1,78.9,63.3,27.3,20.0,3,4,0,3,1,4
STOCKFISH_vs_PUTC_GRAVE.pgn,STOCKFISH,PUTC_GRAVE,1-0,21,33.4,133.5,86.9,70.7,36.4,0.0,3,0,0,2,1,3
STOCKFISH_vs_PUTC_GRAVE.pgn,STOCKFISH,PUTC_GRAVE,1-0,37,73.9,136.3,81.8,65.5,15.8,5.6,4,2,2,3,4,6
STOCKFISH_vs_PUTC_GRAVE.pgn,STOCKFISH,PUTC_GRAVE,1-0,57,73.4,110.9,77.1,70.1,27.6,10.7,3,7,3,6,7,5
STOCKFISH_vs_PUTC_GRAVE.pgn,STOCKFISH,PUTC_GRAVE,1-0,29,55.6,145.5,82.1,63.9,26.7,0.0,1,2,1,1,4,5
PUTC_GRAVE_vs_STOCKFISH.pgn,PUTC_GRAVE,STOCKFISH,0-1,24,151.2,110.1,65.8,73.5,16.7,33.3,2,4,3,2,3,2
PUTC_GRAVE_vs_STOCKFISH.pgn,PUTC_GRAVE,STOCKFISH,0-1,32,124.3,74.6,69.4,79.7,12.5,25.0,2,5,3,4,2,1
PUTC_GRAVE_vs_STOCKFISH.pgn,PUTC_GRAVE,STOCKFISH,0-1,18,216.0,148.4,58.3,74.2,11.1,33.3,3,2,3,1,1,2
PUTC_GRAVE_vs_STOCKFISH.pgn,PUTC_GRAVE,STOCKFISH,0-1,20,10064.7,20047.6,62.7,75.1,10.0,50.0,1,4,2,3,0,2
PUTC_GRAVE_vs_STOCKFISH.pgn,PUTC_GRAVE,STOCKFISH,0-1,12,16696.8,33385.2,53.2,66.7,16.7,33.3,1,2,2,1,2,1
PUTC_GRAVE_vs_STOCKFISH.pgn,PUTC_GRAVE,STOCKFISH,0-1,42,122.3,70.8,70.1,79.5,19.0,14.3,4,3,5,4,3,2
PUTC_GRAVE_vs_STOCKFISH.pgn,PUTC_GRAVE,STOCKFISH,0-1,18,11208.9,22307.9,54.1,68.2,0.0,33.3,3,0,5,2,1,2
PUTC_GRAVE_vs_STOCKFISH.pgn,PUTC_GRAVE,STOCKFISH,0-1,54,3781.9,7468.2,62.9,75.4,0.0,22.2,12,9,4,10,6,1
PUTC_GRAVE_vs_STOCKFISH.pgn,PUTC_GRAVE,STOCKFISH,0-1,38,5311.9,10569.2,68.7,79.6,21.1,26.3,6,6,2,0,4,1
PUTC_GRAVE_vs_STOCKFISH.pgn,PUTC_GRAVE,STOCKFISH,0-1,54,3765.6,7463.6,70.2,78.6,7.4,14.8,5,7,4,4,5,2
STOCKFISH_vs_PUTC_GRAVE.pgn,STOCKFISH,PUTC_GRAVE,1-0,49,8063.2,4232.2,74.5,63.2,36.0,0.0,8,7,1,5,13,2
STOCKFISH_vs_PUTC_GRAVE.pgn,STOCKFISH,PUTC_GRAVE,1-0,55,77.9,114.7,76.6,69.3,7.1,14.8,7,3,4,8,6,5
STOCKFISH_vs_PUTC_GRAVE.pgn,STOCKFISH,PUTC_GRAVE,1-0,75,62.4,105.2,81.5,72.1,13.2,8.1,11,4,2,4,12,6
STOCKFISH_vs_PUTC_GRAVE.pgn,STOCKFISH,PUTC_GRAVE,1-0,39,82.0,118.4,77.2,69.5,20.0,10.5,6,2,2,7,4,4
STOCKFISH_vs_PUTC_GRAVE.pgn,STOCKFISH,PUTC_GRAVE,1-0,27,52.1,125.8,82.4,66.5,21.4,0.0,3,3,0,4,3,3
STOCKFISH_vs_PUTC_GRAVE.pgn,STOCKFISH,PUTC_GRAVE,1-0,41,9587.1,5078.6,75.3,64.2,19.0,10.0,4,4,2,4,7,4
STOCKFISH_vs_PUTC_GRAVE.pgn,STOCKFISH,PUTC_GRAVE,1-0,21,27.3,95.4,90.1,71.8,36.4,20.0,2,1,0,5,2,1
STOCKFISH_vs_PUTC_GRAVE.pgn,STOCKFISH,PUTC_GRAVE,1-0,51,7755.4,4055.8,74.5,68.3,19.2,0.0,4,7,1,5,9,3
STOCKFISH_vs_PUTC_GRAVE.pgn,STOCKFISH,PUTC_GRAVE,1-0,13,50.3,195.8,83.4,58.1,57.1,16.7,0,2,0,1,1,3
STOCKFISH_vs_PUTC_GRAVE.pgn,STOCKFISH,PUTC_GRAVE,1-0,19,27.3,111.8,89.0,73.5,30.0,0.0,2,0,0,3,1,1
PUTC_GRAVE_vs_STOCKFISH.pgn,PUTC_GRAVE,STOCKFISH,0-1,40,5058.9,10058.4,70.1,75.4,20.0,30.0,6,5,2,6,4,1
PUTC_GRAVE_vs_STOCKFISH.pgn,PUTC_GRAVE,STOCKFISH,0-1,30,139.1,71.7,66.8,81.1,6.7,20.0,5,2,4,4,0,2
PUTC_GRAVE_vs_STOCKFISH.pgn,PUTC_GRAVE,STOCKFISH,0-1,36,5600.9,11155.6,68.4,78.6,0.0,16.7,6,5,2,2,4,1
PUTC_GRAVE_vs_STOCKFISH.pgn,PUTC_GRAVE,STOCKFISH,0-1,36,145.8,106.4,63.5,71.8,16.7,27.8,3,6,5,8,3,2
PUTC_GRAVE_vs_STOCKFISH.pgn,PUTC_GRAVE,STOCKFISH,0-1,24,8433.1,16743.2,58.7,68.4,0.0,25.0,0,3,5,3,3,2
PUTC_GRAVE_vs_STOCKFISH.pgn,PUTC_GRAVE,STOCKFISH,0-1,62,3294.5,6509.7,68.1,76.4,0.0,12.9,14,7,3,10,6,1
PUTC_GRAVE_vs_STOCKFISH.pgn,PUTC_GRAVE,STOCKFISH,0-1,56,3630.3,7200.0,69.7,76.7,0.0,14.3,11,7,2,9,3,2
PUTC_GRAVE_vs_STOCKFISH.pgn,PUTC_GRAVE,STOCKFISH,0-1,32,173.9,132.9,64.1,69.7,6.2,18.8,3,7,3,2,5,3
PUTC_GRAVE_vs_STOCKFISH.pgn,PUTC_GRAVE,STOCKFISH,0-1,88,2345.1,4603.3,67.4,77.4,9.1,11.4,15,15,4,19,6,1
PUTC_GRAVE_vs_STOCKFISH.pgn,PUTC_GRAVE,STOCKFISH,0-1,38,5360.7,10610.7,58.9,68.6,5.3,26.3,3,11,3,10,3,2
STOCKFISH_vs_PUTC_GRAVE.pgn,STOCKFISH,PUTC_GRAVE,1-0,41,14304.2,5048.6,71.3,69.7,19.0,15.0,4,5,3,5,5,2
STOCKFISH_vs_PUTC_GRAVE.pgn,STOCKFISH,PUTC_GRAVE,1-0,69,5702.7,95.5,75.7,71.6,14.3,5.9,10,5,2,9,11,3
STOCKFISH_vs_PUTC_GRAVE.pgn,STOCKFISH,PUTC_GRAVE,1-0,79,5039.1,2605.4,82.7,75.1,22.5,7.7,10,3,1,10,13,1
STOCKFISH_vs_PUTC_GRAVE.pgn,STOCKFISH,PUTC_GRAVE,1-0,45,8731.3,4575.3,82.7,73.8,26.1,18.2,2,3,1,6,4,2
STOCKFISH_vs_PUTC_GRAVE.pgn,STOCKFISH,PUTC_GRAVE,1-0,41,9561.1,91.3,83.2,75.8,23.8,20.0,1,2,2,5,3,3
STOCKFISH_vs_PUTC_GRAVE.pgn,STOCKFISH,PUTC_GRAVE,1-0,57,3488.4,3648.0,70.2,64.1,10.3,10.7,9,11,2,8,12,3
STOCKFISH_vs_PUTC_GRAVE.pgn,STOCKFISH,PUTC_GRAVE,1-0,87,55.6,89.6,79.9,72.1,13.6,0.0,16,6,0,15,13,2
STOCKFISH_vs_PUTC_GRAVE.pgn,STOCKFISH,PUTC_GRAVE,1-0,37,10572.6,5601.2,79.7,68.0,21.1,0.0,2,3,2,4,6,3
STOCKFISH_vs_PUTC_GRAVE.pgn,STOCKFISH,PUTC_GRAVE,1-0,61,54.9,76.5,81.7,77.1,19.4,13.3,8,4,1,8,9,1
STOCKFISH_vs_PUTC_GRAVE.pgn,STOCKFISH,PUTC_GRAVE,1-0,93,2199.0,4413.5,71.4,66.2,14.9,6.5,10,16,4,12,14,10
PUTC_GRAVE_vs_STOCKFISH.pgn,PUTC_GRAVE,STOCKFISH,0-1,22,9168.5,18248.4,53.1,72.0,9.1,36.4,1,5,4,1,2,2
PUTC_GRAVE_vs_STOCKFISH.pgn,PUTC_GRAVE,STOCKFISH,0-1,42,4813.9,9589.9,70.0,73.6,0.0,14.3,7,5,2,7,4,2
PUTC_GRAVE_vs_STOCKFISH.pgn,PUTC_GRAVE,STOCKFISH,0-1,64,3178.9,34.6,71.6,86.7,12.5,21.9,13,6,4,6,2,0
PUTC_GRAVE_vs_STOCKFISH.pgn,PUTC_GRAVE,STOCKFISH,0-1,20,136.4,56.3,67.1,82.5,10.0,20.0,4,2,2,3,1,1
PUTC_GRAVE_vs_STOCKFISH.pgn,PUTC_GRAVE,STOCKFISH,0-1,18,11166.6,22287.8,59.1,70.9,11.1,33.3,2,3,2,3,0,2
PUTC_GRAVE_vs_STOCKFISH.pgn,PUTC_GRAVE,STOCKFISH,0-1,44,4616.6,9148.9,64.5,75.2,0.0,22.7,3,8,5,7,3,1
PUTC_GRAVE_vs_STOCKFISH.pgn,PUTC_GRAVE,STOCKFISH,0-1,14,14313.1,28596.4,51.2,76.5,0.0,42.9,2,3,2,2,0,1
PUTC_GRAVE_vs_STOCKFISH.pgn,PUTC_GRAVE,STOCKFISH,0-1,56,3675.2,7232.9,64.2,68.8,7.1,14.3,8,7,6,4,13,2
PUTC_GRAVE_vs_STOCKFISH.pgn,PUTC_GRAVE,STOCKFISH,0-1,22,9175.8,18257.4,58.4,70.7,18.2,36.4,2,3,4,1,2,2
PUTC_GRAVE_vs_STOCKFISH.pgn,PUTC_GRAVE,STOCKFISH,0-1,18,11180.0,22301.8,56.8,65.5,22.2,44.4,1,2,4,3,1,2
STOCKFISH_vs_PUTC_GRAVE.pgn,STOCKFISH,PUTC_GRAVE,1-0,29,13399.4,7223.9,73.8,63.7,13.3,14.3,3,2,2,2,5,3
STOCKFISH_vs_PUTC_GRAVE.pgn,STOCKFISH,PUTC_GRAVE,1-0,75,5333.0,2784.5,74.6,66.2,13.2,0.0,14,6,3,6,17,5
STOCKFISH_vs_PUTC_GRAVE.pgn,STOCKFISH,PUTC_GRAVE,1-0,33,11848.8,6268.7,76.4,72.6,23.5,25.0,2,1,3,3,4,2
STOCKFISH_vs_PUTC_GRAVE.pgn,STOCKFISH,PUTC_GRAVE,1-0,55,55.6,96.0,83.5,72.7,10.7,18.5,3,2,3,5,7,5
STOCKFISH_vs_PUTC_GRAVE.pgn,STOCKFISH,PUTC_GRAVE,1-0,55,76.8,109.9,76.5,69.3,21.4,3.7,6,7,2,8,9,3
STOCKFISH_vs_PUTC_GRAVE.pgn,STOCKFISH,PUTC_GRAVE,1-0,35,59.4,108.8,78.8,70.2,11.1,5.9,7,4,0,4,7,1
STOCKFISH_vs_PUTC_GRAVE.pgn,STOCKFISH,PUTC_GRAVE,1-0,23,16722.6,9152.3,71.7,58.3,16.7,0.0,2,3,1,1,6,2
STOCKFISH_vs_PUTC_GRAVE.pgn,STOCKFISH,PUTC_GRAVE,1-0,39,10043.0,5302.7,79.5,69.5,25.0,10.5,5,2,1,3,8,2
STOCKFISH_vs_PUTC_GRAVE.pgn,STOCKFISH,PUTC_GRAVE,1-0,39,10036.8,5297.7,81.6,72.5,30.0,21.1,4,2,1,5,3,3
STOCKFISH_vs_PUTC_GRAVE.pgn,STOCKFISH,PUTC_GRAVE,1-0,57,48.1,81.4,85.0,75.8,24.1,14.3,6,2,1,7,9,1
PUTC_GRAVE_vs_STOCKFISH.pgn,PUTC_GRAVE,STOCKFISH,0-1,58,3532.1,6960.8,65.9,77.1,6.9,13.8,5,12,4,4,7,2
PUTC_GRAVE_vs_STOCKFISH.pgn,PUTC_GRAVE,STOCKFISH,0-1,82,2518.4,4964.8,68.8,69.9,0.0,9.8,12,16,3,12,16,2
PUTC_GRAVE_vs_STOCKFISH.pgn,PUTC_GRAVE,STOCKFISH,0-1,36,119.6,78.2,73.3,77.9,27.8,11.1,4,2,4,1,4,2
PUTC_GRAVE_vs_STOCKFISH.pgn,PUTC_GRAVE,STOCKFISH,0-1,12,193.5,106.0,59.6,69.8,0.0,33.3,1,2,2,3,1,1
PUTC_GRAVE_vs_STOCKFISH.pgn,PUTC_GRAVE,STOCKFISH,0-1,80,2583.4,5068.4,66.7,73.6,2.5,7.5,17,16,2,20,8,1
PUTC_GRAVE_vs_STOCKFISH.pgn,PUTC_GRAVE,STOCKFISH,0-1,22,167.1,90.9,59.4,75.5,0.0,18.2,3,4,3,2,3,1
PUTC_GRAVE_vs_STOCKFISH.pgn,PUTC_GRAVE,STOCKFISH,0-1,82,2514.3,4941.3,68.3,76.5,7.3,17.1,9,15,5,12,10,1
PUTC_GRAVE_vs_STOCKFISH.pgn,PUTC_GRAVE,STOCKFISH,0-1,16,150.2,44.6,59.0,84.2,0.0,37.5,2,5,1,1,2,0
PUTC_GRAVE_vs_STOCKFISH.pgn,PUTC_GRAVE,STOCKFISH,0-1,34,5960.4,11842.9,64.2,73.0,29.4,35.3,3,6,4,4,1,3
PUTC_GRAVE_vs_STOCKFISH.pgn,PUTC_GRAVE,STOCKFISH,0-1,16,12536.9,25023.1,59.5,78.0,0.0,37.5,3,2,2,1,0,1
STOCKFISH_vs_PUTC_GRAVE.pgn,STOCKFISH,PUTC_GRAVE,1-0,39,91.3,5372.9,79.5,60.7,15.0,15.8,4,0,4,4,4,6
STOCKFISH_vs_PUTC_GRAVE.pgn,STOCKFISH,PUTC_GRAVE,1-0,27,14314.7,7712.2,81.3,72.2,35.7,0.0,3,0,1,4,2,2
STOCKFISH_vs_PUTC_GRAVE.pgn,STOCKFISH,PUTC_GRAVE,1-0,43,4553.2,4839.9,77.4,63.4,18.2,0.0,7,2,2,6,7,4
STOCKFISH_vs_PUTC_GRAVE.pgn,STOCKFISH,PUTC_GRAVE,1-0,29,13421.9,7224.1,72.2,58.0,26.7,7.1,1,1,4,5,3,4
STOCKFISH_vs_PUTC_GRAVE.pgn,STOCKFISH,PUTC_GRAVE,1-0,25,47.6,115.9,81.9,65.7,7.7,0.0,4,1,0,2,7,1
STOCKFISH_vs_PUTC_GRAVE.pgn,STOCKFISH,PUTC_GRAVE,1-0,35,11171.9,5944.4,75.2,64.6,22.2,5.9,5,4,1,0,7,4
STOCKFISH_vs_PUTC_GRAVE.pgn,STOCKFISH,PUTC_GRAVE,1-0,65,62.7,92.8,79.5,71.5,18.2,9.4,7,9,1,11,9,2
STOCKFISH_vs_PUTC_GRAVE.pgn,STOCKFISH,PUTC_GRAVE,1-0,85,4755.8,2492.6,68.3,62.3,11.6,7.1,4,20,6,6,15,12
STOCKFISH_vs_PUTC_GRAVE.pgn,STOCKFISH,PUTC_GRAVE,1-0,41,53.4,87.5,81.7,73.6,23.8,10.0,4,3,0,5,5,2
STOCKFISH_vs_PUTC_GRAVE.pgn,STOCKFISH,PUTC_GRAVE,1-0,23,24.1,104.2,90.2,73.5,33.3,9.1,1,0,0,3,3,1
PUTC_GRAVE_vs_STOCKFISH.pgn,PUTC_GRAVE,STOCKFISH,0-1,24,8394.6,48.9,59.5,83.4,0.0,33.3,2,5,2,3,0,1
PUTC_GRAVE_vs_STOCKFISH.pgn,PUTC_GRAVE,STOCKFISH,0-1,42,95.9,67.7,73.7,79.2,19.0,28.6,7,5,2,4,6,1
PUTC_GRAVE_vs_STOCKFISH.pgn,PUTC_GRAVE,STOCKFISH,0-1,30,6709.7,13374.3,67.1,77.9,0.0,13.3,5,3,2,7,1,1
PUTC_GRAVE_vs_STOCKFISH.pgn,PUTC_GRAVE,STOCKFISH,0-1,38,5357.9,10609.7,60.3,69.9,10.5,15.8,6,3,7,6,5,2
PUTC_GRAVE_vs_STOCKFISH.pgn,PUTC_GRAVE,STOCKFISH,0-1,14,162.7,53.1,61.7,80.8,0.0,28.6,1,3,1,2,1,0
PUTC_GRAVE_vs_STOCKFISH.pgn,PUTC_GRAVE,STOCKFISH,0-1,14,226.6,122.7,53.9,70.7,0.0,28.6,1,2,3,0,3,1
PUTC_GRAVE_vs_STOCKFISH.pgn,PUTC_GRAVE,STOCKFISH,0-1,28,7179.3,14341.0,62.6,74.3,7.1,28.6,2,5,3,4,2,1
PUTC_GRAVE_vs_STOCKFISH.pgn,PUTC_GRAVE,STOCKFISH,0-1,42,99.0,43.6,71.1,84.4,0.0,38.1,7,7,2,5,2,0
PUTC_GRAVE_vs_STOCKFISH.pgn,PUTC_GRAVE,STOCKFISH,0-1,52,3922.5,7760.2,68.8,77.7,15.4,34.6,6,7,5,3,7,2
PUTC_GRAVE_vs_STOCKFISH.pgn,PUTC_GRAVE,STOCKFISH,0-1,32,6304.4,12534.2,63.0,80.7,0.0,18.8,5,6,3,5,1,1
STOCKFISH_vs_PUTC_GRAVE.pgn,STOCKFISH,PUTC_GRAVE,1-0,79,5078.8,2651.4,73.0,64.9,10.0,2.6,12,8,4,9,16,7
STOCKFISH_vs_PUTC_GRAVE.pgn,STOCKFISH,PUTC_GRAVE,1-0,43,9130.3,83.9,82.9,76.0,36.4,19.0,1,2,2,5,4,3
STOCKFISH_vs_PUTC_GRAVE.pgn,STOCKFISH,PUTC_GRAVE,1-0,27,132.8,204.3,69.5,59.8,7.1,0.0,0,0,6,4,2,5
STOCKFISH_vs_PUTC_GRAVE.pgn,STOCKFISH,PUTC_GRAVE,1-0,35,16701.3,11794.2,63.1,52.1,33.3,0.0,6,4,5,2,6,7
STOCKFISH_vs_PUTC_GRAVE.pgn,STOCKFISH,PUTC_GRAVE,1-0,41,78.2,129.8,78.6,64.8,4.8,0.0,5,2,3,7,6,4
STOCKFISH_vs_PUTC_GRAVE.pgn,STOCKFISH,PUTC_GRAVE,1-0,29,38.7,111.6,85.2,69.1,26.7,7.1,4,1,0,5,4,2
STOCKFISH_vs_PUTC_GRAVE.pgn,STOCKFISH,PUTC_GRAVE,1-0,43,29.0,80.9,89.0,74.4,27.3,4.8,4,1,0,10,3,2
STOCKFISH_vs_PUTC_GRAVE.pgn,STOCKFISH,PUTC_GRAVE,1-0,31,12554.9,6721.9,76.0,67.4,25.0,13.3,2,4,1,1,3,5
STOCKFISH_vs_PUTC_GRAVE.pgn,STOCKFISH,PUTC_GRAVE,1-0,23,16705.2,9113.5,77.5,69.1,25.0,9.1,4,1,1,3,1,3
STOCKFISH_vs_PUTC_GRAVE.pgn,STOCKFISH,PUTC_GRAVE,1-0,29,72.3,7216.5,79.0,64.3,26.7,21.4,3,2,2,1,3,5
PUTC_GRAVE_vs_STOCKFISH.pgn,PUTC_GRAVE,STOCKFISH,0-1,76,2714.9,5342.3,67.6,73.4,5.3,13.2,10,12,5,15,6,4
PUTC_GRAVE_vs_STOCKFISH.pgn,PUTC_GRAVE,STOCKFISH,0-1,26,178.0,106.5,60.0,74.5,15.4,30.8,2,2,6,2,3,2
PUTC_GRAVE_vs_STOCKFISH.pgn,PUTC_GRAVE,STOCKFISH,0-1,26,7755.2,15434.4,62.8,76.6,7.7,38.5,4,5,2,1,3,1
PUTC_GRAVE_vs_STOCKFISH.pgn,PUTC_GRAVE,STOCKFISH,0-1,16,166.1,36.4,62.1,86.4,0.0,50.0,2,4,1,1,1,0
PUTC_GRAVE_vs_STOCKFISH.pgn,PUTC_GRAVE,STOCKFISH,0-1,52,152.7,113.5,65.3,74.2,3.8,11.5,5,6,7,9,3,4
PUTC_GRAVE_vs_STOCKFISH.pgn,PUTC_GRAVE,STOCKFISH,0-1,26,7729.5,15424.2,66.1,77.2,0.0,15.4,5,3,2,5,0,1
PUTC_GRAVE_vs_STOCKFISH.pgn,PUTC_GRAVE,STOCKFISH,0-1,40,5044.1,10044.9,71.4,79.0,30.0,25.0,4,6,2,4,3,1
PUTC_GRAVE_vs_STOCKFISH.pgn,PUTC_GRAVE,STOCKFISH,0-1,48,114.0,69.5,69.3,77.9,8.3,12.5,6,10,2,4,6,1
PUTC_GRAVE_vs_STOCKFISH.pgn,PUTC_GRAVE,STOCKFISH,0-1,26,7761.8,15454.4,62.2,72.4,15.4,30.8,1,5,3,5,1,2
PUTC_GRAVE_vs_STOCKFISH.pgn,PUTC_GRAVE,STOCKFISH,0-1,16,137.9,33.9,62.6,86.8,0.0,37.5,1,3,2,3,0,0
STOCKFISH_vs_PUTC_GRAVE.pgn,STOCKFISH,PUTC_GRAVE,1-0,95,6293.6,4300.7,76.4,70.2,22.9,8.5,8,12,4,15,13,6
STOCKFISH_vs_PUTC_GRAVE.pgn,STOCKFISH,PUTC_GRAVE,1-0,17,23.1,170.2,90.6,65.1,44.4,0.0,2,0,0,3,1,2
STOCKFISH_vs_PUTC_GRAVE.pgn,STOCKFISH,PUTC_GRAVE,1-0,47,69.4,120.3,79.6,67.7,16.7,4.3,7,4,2,4,12,2
STOCKFISH_vs_PUTC_GRAVE.pgn,STOCKFISH,PUTC_GRAVE,1-0,41,9571.6,5042.1,78.8,70.7,33.3,15.0,6,2,2,4,7,2
STOCKFISH_vs_PUTC_GRAVE.pgn,STOCKFISH,PUTC_GRAVE,1-0,27,14336.1,7736.9,74.9,65.7,14.3,0.0,4,2,1,6,2,2
STOCKFISH_vs_PUTC_GRAVE.pgn,STOCKFISH,PUTC_GRAVE,1-0,47,8389.0,4391.2,76.7,69.1,20.8,17.4,8,5,1,9,7,2
STOCKFISH_vs_PUTC_GRAVE.pgn,STOCKFISH,PUTC_GRAVE,1-0,63,6295.7,3272.5,81.1,73.6,12.5,6.5,7,4,1,11,4,4
STOCKFISH_vs_PUTC_GRAVE.pgn,STOCKFISH,PUTC_GRAVE,1-0,33,61.6,114.8,82.0,70.1,29.4,12.5,1,3,1,6,2,3
STOCKFISH_vs_PUTC_GRAVE.pgn,STOCKFISH,PUTC_GRAVE,1-0,29,20030.1,14315.4,70.2,59.8,33.3,14.3,2,0,4,5,2,4
STOCKFISH_vs_PUTC_GRAVE.pgn,STOCKFISH,PUTC_GRAVE,1-0,63,9405.1,6491.8,73.4,66.8,18.8,22.6,8,6,3,6,7,7
PUTC_GRAVE_vs_STOCKFISH.pgn,PUTC_GRAVE,STOCKFISH,0-1,20,10071.5,20093.5,58.3,66.4,20.0,40.0,2,3,3,3,2,2
PUTC_GRAVE_vs_STOCKFISH.pgn,PUTC_GRAVE,STOCKFISH,0-1,28,163.0,103.9,68.8,80.5,14.3,14.3,2,5,2,3,2,1
PUTC_GRAVE_vs_STOCKFISH.pgn,PUTC_GRAVE,STOCKFISH,0-1,48,4206.2,8379.7,74.3,79.8,16.7,29.2,5,4,3,5,4,1
PUTC_GRAVE_vs_STOCKFISH.pgn,PUTC_GRAVE,STOCKFISH,0-1,18,127.1,47.1,67.9,83.3,11.1,44.4,2,4,1,3,1,0
PUTC_GRAVE_vs_STOCKFISH.pgn,PUTC_GRAVE,STOCKFISH,0-1,42,4814.3,9578.8,66.7,75.7,4.8,23.8,2,10,2,9,3,1
PUTC_GRAVE_vs_STOCKFISH.pgn,PUTC_GRAVE,STOCKFISH,0-1,22,110.0,43.5,71.8,83.9,9.1,45.5,4,2,2,2,1,0
PUTC_GRAVE_vs_STOCKFISH.pgn,PUTC_GRAVE,STOCKFISH,0-1,34,109.6,50.5,69.3,81.6,0.0,23.5,4,5,2,5,3,0
PUTC_GRAVE_vs_STOCKFISH.pgn,PUTC_GRAVE,STOCKFISH,0-1,30,6711.4,13379.0,67.1,77.6,13.3,13.3,2,4,3,4,2,1
PUTC_GRAVE_vs_STOCKFISH.pgn,PUTC_GRAVE,STOCKFISH,0-1,34,5916.6,11788.7,70.7,84.8,11.8,41.2,5,4,2,2,1,1
PUTC_GRAVE_vs_STOCKFISH.pgn,PUTC_GRAVE,STOCKFISH,0-1,50,110.6,12014.0,70.2,74.2,12.0,24.0,7,10,2,10,4,2
STOCKFISH_vs_PUTC_GRAVE.pgn,STOCKFISH,PUTC_GRAVE,1-0,37,10570.8,5595.0,78.4,71.1,21.1,0.0,4,2,1,3,6,2
STOCKFISH_vs_PUTC_GRAVE.pgn,STOCKFISH,PUTC_GRAVE,1-0,33,11791.5,6265.9,84.3,69.7,35.3,6.2,1,1,1,7,5,1
STOCKFISH_vs_PUTC_GRAVE.pgn,STOCKFISH,PUTC_GRAVE,1-0,63,6280.6,65.1,84.9,78.8,21.9,3.2,8,0,1,5,9,1
STOCKFISH_vs_PUTC_GRAVE.pgn,STOCKFISH,PUTC_GRAVE,1-0,99,4075.4,2126.0,74.3,68.8,16.0,8.2,18,10,5,9,17,7
STOCKFISH_vs_PUTC_GRAVE.pgn,STOCKFISH,PUTC_GRAVE,1-0,57,6950.4,3626.1,77.4,71.8,24.1,14.3,10,4,1,7,8,3
STOCKFISH_vs_PUTC_GRAVE.pgn,STOCKFISH,PUTC_GRAVE,1-0,25,45.2,124.2,83.8,66.7,38.5,16.7,3,2,0,5,3,2
STOCKFISH_vs_PUTC_GRAVE.pgn,STOCKFISH,PUTC_GRAVE,1-0,37,10571.0,118.1,80.4,69.2,26.3,11.1,4,2,2,3,5,4
STOCKFISH_vs_PUTC_GRAVE.pgn,STOCKFISH,PUTC_GRAVE,1-0,33,11793.8,6292.7,82.4,69.3,29.4,0.0,4,0,1,3,3,2
STOCKFISH_vs_PUTC_GRAVE.pgn,STOCKFISH,PUTC_GRAVE,1-0,133,3075.9,1622.4,70.7,64.1,7.5,1.5,20,20,8,17,31,8
STOCKFISH_vs_PUTC_GRAVE.pgn,STOCKFISH,PUTC_GRAVE,1-0,37,10551.5,5580.8,85.3,72.4,36.8,0.0,2,1,1,5,2,3
PUTC_GRAVE_vs_STOCKFISH.pgn,PUTC_GRAVE,STOCKFISH,0-1,18,11184.1,22299.4,53.8,66.2,11.1,22.2,3,0,5,1,2,2
PUTC_GRAVE_vs_STOCKFISH.pgn,PUTC_GRAVE,STOCKFISH,0-1,46,4430.6,8745.8,64.9,78.8,17.4,26.1,5,7,4,6,3,2
PUTC_GRAVE_vs_STOCKFISH.pgn,PUTC_GRAVE,STOCKFISH,0-1,80,82.8,57.9,74.6,79.6,5.0,7.5,11,11,2,14,6,0
PUTC_GRAVE_vs_STOCKFISH.pgn,PUTC_GRAVE,STOCKFISH,0-1,18,164.6,58.7,62.3,85.4,0.0,33.3,2,3,2,0,1,1
PUTC_GRAVE_vs_STOCKFISH.pgn,PUTC_GRAVE,STOCKFISH,0-1,54,81.4,7453.7,76.1,80.4,11.1,14.8,9,5,2,8,4,1
PUTC_GRAVE_vs_STOCKFISH.pgn,PUTC_GRAVE,STOCKFISH,0-1,18,145.4,25.9,62.6,90.0,0.0,33.3,3,5,1,0,1,0
PUTC_GRAVE_vs_STOCKFISH.pgn,PUTC_GRAVE,STOCKFISH,0-1,44,75.4,34.5,76.8,87.2,0.0,18.2,7,4,1,5,2,0
PUTC_GRAVE_vs_STOCKFISH.pgn,PUTC_GRAVE,STOCKFISH,0-1,44,128.3,74.3,68.0,79.6,9.1,13.6,7,5,4,7,3,2
PUTC_GRAVE_vs_STOCKFISH.pgn,PUTC_GRAVE,STOCKFISH,0-1,52,136.6,90.4,63.8,71.3,3.8,11.5,3,14,4,11,10,0
PUTC_GRAVE_vs_STOCKFISH.pgn,PUTC_GRAVE,STOCKFISH,0-1,20,157.9,64.7,66.7,82.7,10.0,40.0,0,2,4,0,2,1
STOCKFISH_vs_PUTC_GRAVE.pgn,STOCKFISH,PUTC_GRAVE,1-0,49,8057.6,4230.3,76.2,64.8,20.0,0.0,8,4,1,4,13,2
STOCKFISH_vs_PUTC_GRAVE.pgn,STOCKFISH,PUTC_GRAVE,1-0,27,20.4,84.7,91.3,75.5,35.7,15.4,1,0,0,3,2,2
STOCKFISH_vs_PUTC_GRAVE.pgn,STOCKFISH,PUTC_GRAVE,1-0,107,5614.0,3843.5,73.3,66.2,9.3,7.5,10,9,7,15,17,9
STOCKFISH_vs_PUTC_GRAVE.pgn,STOCKFISH,PUTC_GRAVE,1-0,49,8046.2,4227.0,78.8,69.5,16.0,4.2,7,3,1,11,3,3
STOCKFISH_vs_PUTC_GRAVE.pgn,STOCKFISH,PUTC_GRAVE,1-0,69,5758.3,2996.1,82.3,71.2,20.0,11.8,9,3,2,6,11,4
STOCKFISH_vs_PUTC_GRAVE.pgn,STOCKFISH,PUTC_GRAVE,1-0,29,13349.5,7169.1,87.0,69.9,33.3,7.1,2,0,1,3,3,3
STOCKFISH_vs_PUTC_GRAVE.pgn,STOCKFISH,PUTC_GRAVE,1-0,27,46.8,100.8,84.0,69.8,42.9,0.0,2,2,0,9,1,2
STOCKFISH_vs_PUTC_GRAVE.pgn,STOCKFISH,PUTC_GRAVE,1-0,45,49.1,102.1,82.4,69.6,30.4,0.0,7,3,0,8,7,2
STOCKFISH_vs_PUTC_GRAVE.pgn,STOCKFISH,PUTC_GRAVE,1-0,57,6940.6,3630.4,80.7,69.2,13.8,7.1,8,4,1,7,7,5
STOCKFISH_vs_PUTC_GRAVE.pgn,STOCKFISH,PUTC_GRAVE,1-0,39,15003.0,10531.6,77.8,66.8,30.0,15.8,1,0,4,3,5,3
STOCKFISH_vs_UCB.pgn,STOCKFISH,UCB,1-0,23,16704.1,9144.3,78.5,60.1,33.3,0.0,2,1,1,2,5,2
STOCKFISH_vs_UCB.pgn,STOCKFISH,UCB,1-0,21,18216.9,165.9,78.4,62.9,45.5,20.0,0,2,1,1,3,3
STOCKFISH_vs_UCB.pgn,STOCKFISH,UCB,1-0,55,7190.6,3763.6,79.0,68.4,17.9,3.7,10,3,1,14,5,3
STOCKFISH_vs_UCB.pgn,STOCKFISH,UCB,1-0,19,105.3,219.0,73.1,55.7,10.0,0.0,2,1,2,1,1,5
STOCKFISH_vs_UCB.pgn,STOCKFISH,UCB,1-0,23,16734.7,9162.0,70.7,59.7,41.7,18.2,5,1,2,1,3,4
STOCKFISH_vs_UCB.pgn,STOCKFISH,UCB,1-0,21,38.5,133.1,86.2,64.6,27.3,0.0,4,0,0,2,3,2
STOCKFISH_vs_UCB.pgn,STOCKFISH,UCB,1-0,71,2845.5,5790.8,70.4,60.9,16.7,8.6,9,10,4,10,13,8
STOCKFISH_vs_UCB.pgn,STOCKFISH,UCB,1-0,23,37.1,97.6,86.6,72.3,33.3,0.0,3,1,0,5,0,2
STOCKFISH_vs_UCB.pgn,STOCKFISH,UCB,1-0,59,57.4,3495.1,82.1,69.3,23.3,6.9,9,4,1,8,8,5
STOCKFISH_vs_UCB.pgn,STOCKFISH,UCB,1-0,25,15425.0,8381.8,79.7,63.1,23.1,16.7,1,1,2,2,4,3
UCB_vs_STOCKFISH.pgn,UCB,STOCKFISH,0-1,22,9091.4,18207.0,68.3,82.1,27.3,27.3,1,2,3,1,1,1
UCB_vs_STOCKFISH.pgn,UCB,STOCKFISH,0-1,54,95.0,56.6,75.0,82.7,3.7,18.5,4,8,3,4,5,2
UCB_vs_STOCKFISH.pgn,UCB,STOCKFISH,0-1,62,88.3,52.4,75.6,83.0,0.0,16.1,7,7,3,11,2,1
UCB_vs_STOCKFISH.pgn,UCB,STOCKFISH,0-1,18,147.4,42.9,65.4,85.9,11.1,33.3,1,2,3,1,0,1
UCB_vs_STOCKFISH.pgn,UCB,STOCKFISH,0-1,24,112.8,53.4,70.0,81.4,16.7,41.7,6,1,2,3,2,0
UCB_vs_STOCKFISH.pgn,UCB,STOCKFISH,0-1,12,144.2,17.8,67.8,92.4,0.0,33.3,0,3,1,0,0,0
UCB_vs_STOCKFISH.pgn,UCB,STOCKFISH,0-1,60,144.3,3414.0,66.4,67.9,16.7,33.3,8,7,8,8,6,6
UCB_vs_STOCKFISH.pgn,UCB,STOCKFISH,0-1,12,169.3,52.5,63.1,79.7,0.0,33.3,2,2,1,3,0,0
UCB_vs_STOCKFISH.pgn,UCB,STOCKFISH,0-1,20,127.0,46.5,70.7,81.9,0.0,10.0,4,2,1,3,0,0
UCB_vs_STOCKFISH.pgn,UCB,STOCKFISH,0-1,14,164.6,56.0,64.4,81.3,14.3,14.3,1,2,2,1,1,0
STOCKFISH_vs_UCB.pgn,STOCKFISH,UCB,1-0,25,55.4,120.2,81.5,68.4,38.5,0.0,5,1,1,4,3,2
STOCKFISH_vs_UCB.pgn,STOCKFISH,UCB,1-0,21,18212.6,10021.4,79.6,71.5,36.4,10.0,1,1,1,4,2,1
STOCKFISH_vs_UCB.pgn,STOCKFISH,UCB,1-0,21,50.6,118.2,83.1,66.5,9.1,0.0,1,2,0,3,3,2
STOCKFISH_vs_UCB.pgn,STOCKFISH,UCB,1-0,45,43.8,100.3,85.9,73.0,30.4,0.0,6,1,1,5,6,2
STOCKFISH_vs_UCB.pgn,STOCKFISH,UCB,1-0,33,76.5,125.4,79.2,67.8,29.4,6.2,1,3,2,3,5,3
STOCKFISH_vs_UCB.pgn,STOCKFISH,UCB,1-0,37,58.4,118.5,84.3,70.3,31.6,11.1,2,2,2,2,5,3
STOCKFISH_vs_UCB.pgn,STOCKFISH,UCB,1-0,107,78.3,102.7,75.2,69.0,14.8,1.9,14,16,3,17,17,5
STOCKFISH_vs_UCB.pgn,STOCKFISH,UCB,1-0,21,65.8,158.7,78.2,60.4,9.1,0.0,2,4,0,2,5,2
STOCKFISH_vs_UCB.pgn,STOCKFISH,UCB,1-0,15,22.4,150.1,91.0,66.2,50.0,14.3,2,0,0,1,0,3
STOCKFISH_vs_UCB.pgn,STOCKFISH,UCB,1-0,41,19000.4,10047.2,71.6,54.9,33.3,5.0,6,3,3,2,6,9
UCB_vs_STOCKFISH.pgn,UCB,STOCKFISH,0-1,26,7736.9,15439.8,67.6,77.3,23.1,30.8,3,2,3,3,0,2
UCB_vs_STOCKFISH.pgn,UCB,STOCKFISH,0-1,44,176.2,136.3,60.7,69.5,18.2,18.2,4,8,6,4,1,8
UCB_vs_STOCKFISH.pgn,UCB,STOCKFISH,0-1,18,171.4,79.0,61.0,78.0,0.0,22.2,1,2,4,0,1,2
UCB_vs_STOCKFISH.pgn,UCB,STOCKFISH,0-1,24,170.8,102.0,60.8,72.0,8.3,16.7,3,3,4,1,4,2
UCB_vs_STOCKFISH.pgn,UCB,STOCKFISH,0-1,30,124.3,43.5,67.4,84.4,0.0,20.0,4,5,2,5,1,0
UCB_vs_STOCKFISH.pgn,UCB,STOCKFISH,0-1,14,161.9,37.4,66.8,85.6,0.0,14.3,1,1,2,3,0,0
UCB_vs_STOCKFISH.pgn,UCB,STOCKFISH,0-1,40,103.4,65.2,71.5,81.1,15.0,10.0,8,4,2,2,3,2
UCB_vs_STOCKFISH.pgn,UCB,STOCKFISH,0-1,26,7643.7,15405.2,71.1,85.1,23.1,53.8,3,3,2,1,1,1
UCB_vs_STOCKFISH.pgn,UCB,STOCKFISH,0-1,12,134.3,26.3,73.5,89.2,16.7,66.7,2,0,1,1,0,0
UCB_vs_STOCKFISH.pgn,UCB,STOCKFISH,0-1,16,141.9,46.8,67.2,82.6,12.5,37.5,3,2,1,2,1,0
STOCKFISH_vs_UCB.pgn,STOCKFISH,UCB,1-0,75,87.2,2789.9,74.3,65.6,18.4,5.4,14,6,4,11,12,6
STOCKFISH_vs_UCB.pgn,STOCKFISH,UCB,1-0,27,21490.2,15436.6,61.7,51.1,28.6,15.4,0,2,5,3,2,6
STOCKFISH_vs_UCB.pgn,STOCKFISH,UCB,1-0,31,79.4,107.6,75.7,70.3,25.0,13.3,4,4,1,4,5,2
STOCKFISH_vs_UCB.pgn,STOCKFISH,UCB,1-0,15,29.6,114.6,88.6,70.2,37.5,14.3,2,0,0,3,1,1
STOCKFISH_vs_UCB.pgn,STOCKFISH,UCB,1-0,21,91.1,183.8,74.0,57.0,36.4,0.0,1,4,1,2,2,5
STOCKFISH_vs_UCB.pgn,STOCKFISH,UCB,1-0,9,23.8,215.0,90.2,66.0,40.0,0.0,1,0,0,2,0,1
STOCKFISH_vs_UCB.pgn,STOCKFISH,UCB,1-0,49,70.5,119.1,77.4,67.2,20.0,4.2,6,6,1,6,10,3
STOCKFISH_vs_UCB.pgn,STOCKFISH,UCB,1-0,21,18226.7,10045.4,76.9,63.1,45.5,20.0,1,2,1,1,3,3
STOCKFISH_vs_UCB.pgn,STOCKFISH,UCB,1-0,27,62.9,116.1,80.1,68.8,14.3,0.0,2,2,1,2,2,4
STOCKFISH_vs_UCB.pgn,STOCKFISH,UCB,1-0,27,28555.7,23065.5,58.6,47.2,35.7,0.0,3,1,5,2,2,6
UCB_vs_STOCKFISH.pgn,UCB,STOCKFISH,0-1,16,136.8,42.2,70.7,84.1,12.5,50.0,2,2,1,3,0,0
UCB_vs_STOCKFISH.pgn,UCB,STOCKFISH,0-1,32,133.3,67.4,67.2,78.4,0.0,12.5,4,7,2,5,3,1
UCB_vs_STOCKFISH.pgn,UCB,STOCKFISH,0-1,34,92.2,45.5,73.8,84.0,5.9,29.4,8,2,2,5,0,1
UCB_vs_STOCKFISH.pgn,UCB,STOCKFISH,0-1,22,153.4,53.2,62.2,82.3,9.1,27.3,2,5,2,2,3,0
UCB_vs_STOCKFISH.pgn,UCB,STOCKFISH,0-1,14,139.4,42.6,68.4,84.0,0.0,28.6,1,1,2,2,1,0
UCB_vs_STOCKFISH.pgn,UCB,STOCKFISH,0-1,16,144.8,76.6,69.5,79.3,12.5,25.0,1,2,2,1,1,1
UCB_vs_STOCKFISH.pgn,UCB,STOCKFISH,0-1,26,146.1,53.8,65.4,80.7,15.4,15.4,4,3,3,6,1,0
UCB_vs_STOCKFISH.pgn,UCB,STOCKFISH,0-1,36,5636.8,11183.8,63.6,74.7,16.7,16.7,2,5,6,0,3,4
UCB_vs_STOCKFISH.pgn,UCB,STOCKFISH,0-1,22,149.2,66.7,65.9,81.7,0.0,0.0,4,2,2,1,1,1
UCB_vs_STOCKFISH.pgn,UCB,STOCKFISH,0-1,20,168.7,100.4,58.0,76.0,0.0,40.0,2,3,4,2,1,2
STOCKFISH_vs_UCB.pgn,STOCKFISH,UCB,1-0,69,5805.1,3029.7,72.6,66.7,17.1,17.6,7,8,6,8,6,10
STOCKFISH_vs_UCB.pgn,STOCKFISH,UCB,1-0,31,51.1,98.0,81.4,71.7,31.2,6.7,7,2,0,3,5,2
STOCKFISH_vs_UCB.pgn,STOCKFISH,UCB,1-0,31,12590.4,6767.3,69.1,57.9,31.2,0.0,7,3,2,3,6,4
STOCKFISH_vs_UCB.pgn,STOCKFISH,UCB,1-0,45,8748.1,4587.0,76.1,70.0,13.0,4.5,10,2,1,6,7,2
STOCKFISH_vs_UCB.pgn,STOCKFISH,UCB,1-0,63,67.1,95.1,76.2,71.0,9.4,0.0,12,7,0,17,9,1
STOCKFISH_vs_UCB.pgn,STOCKFISH,UCB,1-0,31,108.9,160.2,68.2,61.9,12.5,20.0,7,4,2,0,7,4
STOCKFISH_vs_UCB.pgn,STOCKFISH,UCB,1-0,23,54.8,126.4,81.3,64.9,25.0,9.1,4,1,0,3,5,2
STOCKFISH_vs_UCB.pgn,STOCKFISH,UCB,1-0,23,24982.9,18165.5,67.7,50.2,33.3,9.1,1,1,3,1,6,3
STOCKFISH_vs_UCB.pgn,STOCKFISH,UCB,1-0,23,16705.8,9131.7,80.4,70.2,25.0,9.1,1,1,2,1,1,3
STOCKFISH_vs_UCB.pgn,STOCKFISH,UCB,1-0,19,94.3,193.6,71.4,58.7,30.0,0.0,4,4,0,3,2,3
UCB_vs_STOCKFISH.pgn,UCB,STOCKFISH,0-1,24,135.8,68.8,64.7,79.8,0.0,25.0,4,3,3,3,2,1
UCB_vs_STOCKFISH.pgn,UCB,STOCKFISH,0-1,26,115.6,42.3,72.4,83.6,0.0,23.1,6,2,1,3,1,0
UCB_vs_STOCKFISH.pgn,UCB,STOCKFISH,0-1,16,148.1,56.9,62.3,79.9,0.0,25.0,4,2,2,4,1,0
UCB_vs_STOCKFISH.pgn,UCB,STOCKFISH,0-1,20,139.8,46.4,67.0,83.3,0.0,20.0,5,1,2,2,2,0
UCB_vs_STOCKFISH.pgn,UCB,STOCKFISH,0-1,12,141.2,24.2,70.1,90.4,0.0,50.0,0,2,1,1,0,0
UCB_vs_STOCKFISH.pgn,UCB,STOCKFISH,0-1,20,164.1,69.9,65.8,80.6,10.0,40.0,2,2,3,1,2,1
UCB_vs_STOCKFISH.pgn,UCB,STOCKFISH,0-1,42,9555.6,4796.0,59.7,73.7,14.3,19.0,8,7,4,7,2,4
UCB_vs_STOCKFISH.pgn,UCB,STOCKFISH,0-1,46,106.0,76.8,73.7,80.4,30.4,43.5,1,7,3,3,3,3
UCB_vs_STOCKFISH.pgn,UCB,STOCKFISH,0-1,30,119.3,78.7,69.1,75.2,13.3,20.0,3,2,4,4,6,0
UCB_vs_STOCKFISH.pgn,UCB,STOCKFISH,0-1,18,11155.0,22283.9,55.8,68.4,0.0,44.4,0,4,3,2,3,1
STOCKFISH_vs_UCT_RAVE.pgn,STOCKFISH,UCT_RAVE,1-0,25,15427.4,8381.0,80.1,67.0,23.1,8.3,2,0,2,2,2,3
STOCKFISH_vs_UCT_RAVE.pgn,STOCKFISH,UCT_RAVE,1-0,27,89.0,151.2,70.8,60.9,0.0,0.0,6,6,0,5,6,2
STOCKFISH_vs_UCT_RAVE.pgn,STOCKFISH,UCT_RAVE,1-0,27,43.8,115.1,87.4,69.6,35.7,7.7,2,0,1,2,5,2
STOCKFISH_vs_UCT_RAVE.pgn,STOCKFISH,UCT_RAVE,1-0,45,8737.9,4566.7,81.8,75.3,17.4,13.6,4,2,2,7,3,2
STOCKFISH_vs_UCT_RAVE.pgn,STOCKFISH,UCT_RAVE,1-0,17,27.2,130.5,89.3,66.0,22.2,0.0,3,0,0,3,3,1
STOCKFISH_vs_UCT_RAVE.pgn,STOCKFISH,UCT_RAVE,1-0,49,110.6,172.2,71.4,59.6,8.0,4.2,4,4,6,6,7,8
STOCKFISH_vs_UCT_RAVE.pgn,STOCKFISH,UCT_RAVE,1-0,13,64.0,230.3,84.3,59.1,42.9,0.0,1,0,1,2,0,3
STOCKFISH_vs_UCT_RAVE.pgn,STOCKFISH,UCT_RAVE,1-0,19,20068.3,11169.7,73.7,59.2,60.0,22.2,1,0,3,2,3,2
STOCKFISH_vs_UCT_RAVE.pgn,STOCKFISH,UCT_RAVE,1-0,25,63.0,81.3,80.1,77.1,38.5,8.3,2,2,1,0,4,1
STOCKFISH_vs_UCT_RAVE.pgn,STOCKFISH,UCT_RAVE,1-0,51,50.1,78.8,82.7,74.5,15.4,12.0,4,6,0,11,6,1
UCT_RAVE_vs_STOCKFISH.pgn,UCT_RAVE,STOCKFISH,0-1,26,7751.2,15420.9,61.4,80.2,0.0,15.4,3,4,3,1,2,1
UCT_RAVE_vs_STOCKFISH.pgn,UCT_RAVE,STOCKFISH,0-1,30,6750.7,13424.5,63.1,77.4,13.3,60.0,3,3,5,2,1,2
UCT_RAVE_vs_STOCKFISH.pgn,UCT_RAVE,STOCKFISH,0-1,12,139.3,37.0,64.3,87.0,0.0,50.0,1,3,1,1,1,0
UCT_RAVE_vs_STOCKFISH.pgn,UCT_RAVE,STOCKFISH,0-1,26,167.6,15468.9,65.6,71.7,0.0,7.7,2,3,4,2,2,2
UCT_RAVE_vs_STOCKFISH.pgn,UCT_RAVE,STOCKFISH,0-1,18,141.8,54.1,64.5,82.6,0.0,44.4,2,3,1,2,2,0
UCT_RAVE_vs_STOCKFISH.pgn,UCT_RAVE,STOCKFISH,0-1,18,127.3,50.3,68.9,84.6,0.0,22.2,2,3,1,0,1,1
UCT_RAVE_vs_STOCKFISH.pgn,UCT_RAVE,STOCKFISH,0-1,18,199.3,97.0,65.3,77.4,11.1,11.1,3,0,3,2,0,2
UCT_RAVE_vs_STOCKFISH.pgn,UCT_RAVE,STOCKFISH,0-1,30,117.5,56.9,67.9,80.0,13.3,26.7,2,7,1,6,3,0
UCT_RAVE_vs_STOCKFISH.pgn,UCT_RAVE,STOCKFISH,0-1,30,126.0,13422.9,68.2,69.8,6.7,13.3,4,5,2,5,3,2
UCT_RAVE_vs_STOCKFISH.pgn,UCT_RAVE,STOCKFISH,0-1,24,8381.0,16727.5,65.9,75.4,0.0,25.0,6,2,2,0,1,3
STOCKFISH_vs_UNIFORM.pgn,STOCKFISH,UNIFORM,1-0,33,90.9,157.1,74.6,59.0,17.6,6.2,4,4,2,4,7,4
STOCKFISH_vs_UNIFORM.pgn,STOCKFISH,UNIFORM,1-0,57,6969.1,3642.3,75.9,67.7,17.2,7.1,6,5,3,8,5,5
STOCKFISH_vs_UNIFORM.pgn,STOCKFISH,UNIFORM,1-0,23,50.9,125.5,81.7,69.3,25.0,9.1,3,2,0,1,5,1
STOCKFISH_vs_UNIFORM.pgn,STOCKFISH,UNIFORM,1-0,43,93.2,133.6,77.1,67.7,31.8,14.3,6,3,3,3,8,4
STOCKFISH_vs_UNIFORM.pgn,STOCKFISH,UNIFORM,1-0,25,107.5,167.1,74.0,61.7,23.1,8.3,0,4,2,1,4,4
STOCKFISH_vs_UNIFORM.pgn,STOCKFISH,UNIFORM,1-0,23,116.9,9207.6,71.0,50.1,8.3,0.0,4,1,3,1,5,4
STOCKFISH_vs_UNIFORM.pgn,STOCKFISH,UNIFORM,1-0,19,40.4,135.0,85.7,62.6,30.0,0.0,3,1,0,0,5,2
STOCKFISH_vs_UNIFORM.pgn,STOCKFISH,UNIFORM,1-0,33,52.9,142.9,81.0,63.6,17.6,0.0,7,1,0,6,4,4
STOCKFISH_vs_UNIFORM.pgn,STOCKFISH,UNIFORM,1-0,11,17.3,158.2,92.7,68.0,16.7,0.0,0,0,0,1,1,1
STOCKFISH_vs_UNIFORM.pgn,STOCKFISH,UNIFORM,1-0,23,31.9,125.4,88.9,69.5,50.0,9.1,2,2,0,1,3,2
UNIFORM_vs_STOCKFISH.pgn,UNIFORM,STOCKFISH,0-1,22,165.3,73.0,62.1,77.8,9.1,36.4,4,0,5,4,1,1
UNIFORM_vs_STOCKFISH.pgn,UNIFORM,STOCKFISH,0-1,36,111.1,62.8,71.0,79.1,16.7,11.1,5,6,2,4,4,0
UNIFORM_vs_STOCKFISH.pgn,UNIFORM,STOCKFISH,0-1,18,129.7,61.0,68.7,79.8,11.1,33.3,2,1,3,4,0,1
UNIFORM_vs_STOCKFISH.pgn,UNIFORM,STOCKFISH,0-1,18,131.6,45.7,65.2,84.5,0.0,33.3,2,3,2,2,1,0
UNIFORM_vs_STOCKFISH.pgn,UNIFORM,STOCKFISH,0-1,18,120.1,29.9,69.0,88.4,0.0,33.3,2,2,2,2,0,0
UNIFORM_vs_STOCKFISH.pgn,UNIFORM,STOCKFISH,0-1,24,87.4,35.4,74.6,88.7,0.0,33.3,4,2,1,1,2,0
UNIFORM_vs_STOCKFISH.pgn,UNIFORM,STOCKFISH,0-1,18,115.7,8.3,69.9,96.5,0.0,44.4,3,1,2,1,0,0
UNIFORM_vs_STOCKFISH.pgn,UNIFORM,STOCKFISH,0-1,22,146.4,54.3,61.4,79.7,0.0,9.1,2,6,2,5,1,0
UNIFORM_vs_STOCKFISH.pgn,UNIFORM,STOCKFISH,0-1,36,130.1,100.6,62.9,71.6,5.6,11.1,6,8,3,6,4,2
UNIFORM_vs_STOCKFISH.pgn,UNIFORM,STOCKFISH,0-1,26,157.8,104.8,59.2,70.0,0.0,15.4,4,5,4,1,6,1
